<?xml version="1.0"?>
<overlays xmlns="http://checklists.nist.gov/xccdf/1.1">
	<overlay owner="disastig" ruleid="chromium_disable_firewall_traversal" ownerid="DTBC0001" disa="" severity="Medium">
		<VMSinfo VKey="44711" SVKey="57545" VRelease="2" />
		<title>Firewall traversal from remote host must be disabled.</title>
	</overlay>
	<overlay owner="disastig" ruleid="chromium_block_desktop_notifications" ownerid="DTBC0003" disa="" severity="low">
		<VMSinfo VKey="44713" SVKey="57547" VRelease="4" />
		<title>Sites ability for showing desktop notifications must be disabled.</title>
	</overlay>
	<overlay owner="disastig" ruleid="chromium_disable_popups" ownerid="DTBC0004" disa="" severity="medium">
		<VMSinfo VKey="44719" SVKey="57553" VRelease="1" />
		<title>Sites ability to show pop-ups must be disabled.</title>
	</overlay>
	<overlay owner="disastig" ruleid="chromium_disallow_location_tracking" ownerid="DTBC0002" disa="" severity="medium">
		<VMSinfo VKey="44723" SVKey="57557" VRelease="1" />
		<title>Site tracking users location must be disabled.</title>
	</overlay>
	<overlay owner="disastig" ruleid="chromium_blacklist_extension_installation" ownerid="DTBC0005" disa="" severity="medium">
		<VMSinfo VKey="44727" SVKey="57561" VRelease="1" />
		<title>Extensions installation must be blacklisted by default.</title>
	</overlay>
	<overlay owner="disastig" ruleid="chromium_extension_whitelist" ownerid="DTBC0006" disa="" severity="medium">
		<VMSinfo VKey="44729" SVKey="57563" VRelease="1" />
		<title>Extensions that are approved for use must be whitelisted.</title>
	</overlay>
	<overlay owner="disastig" ruleid="chromium_default_search_provider_name" ownerid="DTBC0007" disa="" severity="medium">
		<VMSinfo VKey="44733" SVKey="57567" VRelease="1" />
		<title>The default search providers name must be set.</title>
	</overlay>
	<overlay owner="disastig" ruleid="chromium_enable_encrypted_searching" ownerid="DTBC0008" disa="" severity="medium">
		<VMSinfo VKey="44735" SVKey="57569" VRelease="1" />
		<title>The default search provider URL must be set to perform encrypted searches.</title>
	</overlay>
	<overlay owner="disastig" ruleid="chromium_default_search_provider" ownerid="DTBC0009" disa="" severity="medium">
		<VMSinfo VKey="44737" SVKey="57571" VRelease="1" />
		<title>Default search provider must be enabled.</title>
	</overlay>
	<overlay owner="disastig" ruleid="chromium_disable_cleartext_passwords" ownerid="DTBC0010" disa="" severity="medium">
		<VMSinfo VKey="44739" SVKey="57573" VRelease="1" />
		<title>Use of cleartext passwords in Password Manager must be disabled.</title>
	</overlay>
	<overlay owner="disastig" ruleid="chromium_disable_password_manager" ownerid="DTBC0011" disa="" severity="medium">
		<VMSinfo VKey="44741" SVKey="57575" VRelease="1" />
		<title>The Password Manager must be disabled.</title>
	</overlay>
	<overlay owner="disastig" ruleid="chromium_http_authentication" ownerid="DTBC0012" disa="" severity="medium">
		<VMSinfo VKey="44743" SVKey="57577" VRelease="1" />
		<title>The HTTP Authentication must be set to negotiate.</title>
	</overlay>
	<overlay owner="disastig" ruleid="chromium_disable_outdated_plugins" ownerid="DTBC0013" disa="" severity="high">
		<VMSinfo VKey="44745" SVKey="57579" VRelease="1" />
		<title>The running of outdated plugins must be disabled.</title>
	</overlay>
	<overlay owner="disastig" ruleid="chromium_plugins_require_authorization" ownerid="DTBC0014" disa="" severity="high">
		<VMSinfo VKey="44749" SVKey="57583" VRelease="1" />
		<title>Plugins requiring authorization must ask for user permission.</title>
	</overlay>
	<overlay owner="disastig" ruleid="chromium_disable_thirdparty_cookies" ownerid="DTBC0015" disa="" severity="low">
		<VMSinfo VKey="44751" SVKey="57585" VRelease="1" />
		<title>Third party cookes must be blocked.</title>
	</overlay>
	<overlay owner="disastig" ruleid="chromium_disable_background_processing" ownerid="DTBC0017" disa="" severity="medium">
		<VMSinfo VKey="44753" SVKey="57587" VRelease="1" />
		<title>Background processing must be disabled.</title>
	</overlay>
	<overlay owner="disastig" ruleid="chromium_disable_3d_graphics_api" ownerid="DTBC0019" disa="" severity="medium">
		<VMSinfo VKey="44757" SVKey="57591" VRelease="1" />
		<title>3D Graphics APIs must be disabled.</title>
	</overlay>
	<overlay owner="disastig" ruleid="chromium_disable_google_sync" ownerid="DTBC0020" disa="" severity="medium">
		<VMSinfo VKey="44759" SVKey="57593" VRelease="1" />
		<title>Google Data Synchronization must be disabled.</title>
	</overlay>
	<overlay owner="disastig" ruleid="chromium_disable_protocol_schemas" ownerid="DTBC0021" disa="" severity="medium">
		<VMSinfo VKey="44761" SVKey="57595" VRelease="2" />
		<title>The URL protocol schema javascript must be disabled.</title>
	</overlay>
	<overlay owner="disastig" ruleid="chromium_disable_autocomplete" ownerid="DTBC0022" disa="" severity="medium">
		<VMSinfo VKey="44763" SVKey="57597" VRelease="1" />
		<title>Autofill must be disabled.</title>
	</overlay>
	<overlay owner="disastig" ruleid="chromium_disable_cloud_print_sharing" ownerid="DTBC0023" disa="" severity="medium">
		<VMSinfo VKey="44765" SVKey="57599" VRelease="1" />
		<title>Cloud print mush be disabled.</title>
	</overlay>
	<overlay owner="disastig" ruleid="chromium_disable_network_prediction" ownerid="DTBC0025" disa="" severity="medium">
		<VMSinfo VKey="44769" SVKey="57603" VRelease="1" />
		<title>Network prediction must be disabled.</title>
	</overlay>
        <overlay owner="disastig" ruleid="chromium_disable_metrics_reporting" ownerid="DTBC0026" disa="" severity="medium">
		<VMSinfo VKey="44771" SVKey="57601" VRelease="1" />
		<title>Metrics reporting to Google must be disabled.</title>
	</overlay>
        <overlay owner="disastig" ruleid="chromium_disable_search_suggestions" ownerid="DTBC0027" disa="" severity="medium">
		<VMSinfo VKey="44773" SVKey="57607" VRelease="1" />
		<title>Search suggestions must be disabled.</title>
	</overlay>
	<overlay owner="disastig" ruleid="chromium_disable_saved_passwords" ownerid="DTBC0029" disa="" severity="medium">
		<VMSinfo VKey="44775" SVKey="57609" VRelease="1" />
		<title>Importing of saved passwords must be disabled.</title>
	</overlay>
	<overlay owner="disastig" ruleid="chromium_disable_incognito_mode" ownerid="DTBC0030" disa="" severity="medium">
		<VMSinfo VKey="44777" SVKey="57611" VRelease="1" />
		<title>Metrics reporting to Google must be disabled.</title>
	</overlay>
	<overlay owner="disastig" ruleid="chromium_disable_plugin_blacklist" ownerid="DTBC0034" disa="" severity="medium">
		<VMSinfo VKey="44781" SVKey="57615" VRelease="1" />
		<title>Plugins must be disabled by default.</title>
	</overlay>
	<overlay owner="disastig" ruleid="chromium_enable_approved_plugins" ownerid="DTBC0035" disa="" severity="medium">
		<VMSinfo VKey="44783" SVKey="57617" VRelease="2" />
		<title>Plugins approved for use must be enabled.</title>
	</overlay>
	<overlay owner="disastig" ruleid="chromium_disable_automatic_installation" ownerid="DTBC0036" disa="" severity="medium">
		<VMSinfo VKey="44787" SVKey="57621" VRelease="1" />
		<title>Automated installation of missing plugins must be disabled.</title>
	</overlay>
	<overlay owner="disastig" ruleid="chromium_check_cert_revocation" ownerid="DTBC0037" disa="" severity="medium">
		<VMSinfo VKey="44789" SVKey="57623" VRelease="1" />
		<title>Online revocation checks must be done.</title>
	</overlay>
	<overlay owner="disastig" ruleid="chromium_enable_safe_browsing" ownerid="DTBC0038" disa="" severity="medium">
		<VMSinfo VKey="44791" SVKey="57625" VRelease="1" />
		<title>Safe Browsing must be enabled.</title>
	</overlay>
	<overlay owner="disastig" ruleid="chromium_enable_browser_history" ownerid="DTBC0039" disa="" severity="medium">
		<VMSinfo VKey="44793" SVKey="57627" VRelease="1" />
		<title>Browser history must be saved.</title>
	</overlay>
	<overlay owner="disastig" ruleid="chromium_default_block_plugins" ownerid="DTBC0040" disa="" severity="medium">
		<VMSinfo VKey="44795" SVKey="57629" VRelease="2" />
		<title>Default behavior must block webpages from automatically running plugins.</title>
	</overlay>
	<overlay owner="disastig" ruleid="chromium_disable_session_cookies" ownerid="DTBC0045" disa="" severity="medium">
		<VMSinfo VKey="44799" SVKey="57633" VRelease="1" />
		<title>Session only based cookies must be disabled.</title>
	</overlay>
	<overlay owner="disastig" ruleid="chromium_trusted_home_page" ownerid="DTBC0048" disa="" severity="medium">
		<VMSinfo VKey="44801" SVKey="57635" VRelease="2" />
		<title>The home page must be set to a trusted site.</title>
	</overlay>
	<!--overlay owner="disastig" ruleid="chromium_enable_auto_updates" ownerid="DTBC0050" disa="" severity="medium">
		<VMSinfo VKey="44805" SVKey="57639" VRelease="1" />
		<title>Browser must support auto-updates.</title>
	</overlay-->
	<overlay owner="disastig" ruleid="chromium_whitelist_plugin_urls" ownerid="DTBC0051" disa="" severity="medium">
		<VMSinfo VKey="52795" SVKey="671011" VRelease="1" />
		<title>URLs must be whitelisted for plugin use.</title>
	</overlay>
</overlays>
