<Group id="amq">
<title>Apache ActiveMQ Configuration</title>
<description>The rules in this group validate Apache ActiveMQ
related items.
</description>

<Rule id="jboss_activemq-default_users_removed" severity="medium">
<title>Ensure No Default User Accounts Exist</title>
<description>Remove, rename, or comment out the default user
accounts defined in .properties files.
</description>
<ocil clause="default JBoss users should not exist">
</ocil>
<rationale>
Default configurations are commonly leveraged by attackers to
gain entry into closed systems. Removing, renaming, or commenting
out default user accounts makes malicious exploitation more
complex.
</rationale>
<ident cce="" />
<!--oval id="jboss_activemq-default_users_removed" /-->
<ref nist="IA-5" disa="" cis="" />
</Rule>

<Rule id="jboss_activemq-default_roles_removed" severity="medium">
<title>Ensure No Default Roles Exist</title>
<description>Remove, rename, or comment out the default roles
defined in .properties files.
</description>
<ocil clause="default JBoss roles should not exist">
</ocil>
<rationale>
Default configurations are commonly leveraged by attackers to
gain entry into closed systems. Removing, renaming, or commenting
out default roles makes malicious exploitation more complex.
</rationale>
<ident cce="" />
<!--oval id="jboss_activemq-default_roles_removed" /-->
<ref nist="IA-5" disa="" cis="" />
</Rule>

<Rule id="jboss_activemq-java_aaa_service" severity="medium">
<title>Ensure Default System Java Authentication and Authorization
Service Is In Use</title>
<description>Using the default system JAAS configuration ensures
user identification and authentication are performed by JBoss Fuse.
</description>
<ocil clause="JAAS is not configured">
</ocil>
<rationale>
Using an administrator specified JAAS configuration enables a more
rigorous security posture.
</rationale>
<ident cce="" />
<!--oval id="jboss_activemq-java_aaa_service" /-->
<ref nist="CM-6" disa="" cis="" />
</Rule>

<Rule id="jboss_activemq-cleartext_passwords" severity="medium">
<title>Disable or Remove Clear-Text Passwords</title>
<description>Eliminate clear-text passwords in JBoss configuration
files. All passwords should be encrypted and all password files
should have restricted file permissions.
</description>
<ocil clause="passwords are not encrypted">
</ocil>
<rationale>
Clear-text passwords are an unnecessary security vulnerability.
While risk of exposure can be mitigated through configured
permissions and file ownership, these methods do not completely
remediate the risk.
</rationale>
<ident cce="" />
<!--oval id="jboss_activemq-cleartext_passwords" /-->
<ref nist="SC-28" disa="" cis="" />
</Rule>

<Rule id="jboss_activemq-security_config_attributes" severity="medium">
<title>Ensure Administrators Can Only Change Security Related Configuration
Attributes</title>
<description>Security attributes are typically associated with internal
data structures and configuration (e.g., application deployment, logging,
monitoring) within the application server and are used to enable the
implementation of access control and flow control policies, reflect
special dissemination, handling or distribution instructions, or support
other aspects of the organizational information security policy.
</description>
<ocil clause="non-administrators can change configuration attributes">
</ocil>
<rationale>
If unauthorized entities were able to change security attributes,
the integrity and/or confidentiality of the server could be
compromised.
</rationale>
<ident cce="" />
<!--oval id="jboss_activemq-security_config_attributes" /-->
<ref nist="" disa="" cis="" />
</Rule>

<Rule id="jboss_activemq-ssl_enabled" severity="medium">
<title>SSL Is Enabled on the ActiveMQ Web Console</title>
<description>The server must utilize cryptography to protect
the confidentiality of remote access management sessions.
</description>
<ocil clause="SSL is enabled in the web console">
</ocil>
<rationale>
If cryptography is not used, then the session data traversing
the remote connection could be intercepted and compromised.
</rationale>
<ident cce="" />
<!--oval id="jboss_activemq-ssl_enabled" /-->
<ref nist="" disa="" cis="" />
</Rule>

<Rule id="jboss_activemq-encrypted_passwords" severity="high">
<title>Stored Passwords Must Be Encrypted</title>
<description>Stored passwords must be encrypted.
</description>
<ocil clause="passwords are not encrypted">
</ocil>
<rationale>
Passwords need to be protected at all times and encryption is
the standard method for protecting passwords. If passwords are
not encrypted, they can be plainly read and easily compromised. 
</rationale>
<ident cce="" />
<!--oval id="jboss_activemq-encrypted_passwords" /-->
<ref nist="" disa="" cis="" />
</Rule>

<Rule id="jboss_activemq-pki_web_console" severity="medium">
<title>Ensure ActiveMQ Web Console is using PKI</title>
<description>PKI should be enabled for the Web Console.
</description>
<ocil clause="PKI is not enabled for the web console">
</ocil>
<rationale>
All applications requiring user authentication to access sensitive
data must be PKI-enabled in compliance with DoDI 8520.2 PKI and PKI
Enabling and are required to credentials approved under the DoD PKI
program.
</rationale>
<ident cce="" />
<!--oval id="jboss_activemq-pki_web_console" /-->
<ref nist="" disa="" cis="" />
</Rule>

<Rule id="jboss_activemq-pki_dod_certificates" severity="high">
<title>All PKI Certificates Are Valid DoD Certificates</title>
<description>All PKI Certificates in use should be valid at the
time of use.
</description>
<ocil clause="PKI certificates are not DoD">
</ocil>
<rationale>
By using invalid certificates the server may allow unauthorized
users access to the system.
</rationale>
<ident cce="" />
<!--oval id="jboss_activemq-pki_dod_certificates" /-->
<ref nist="" disa="" cis="" />
</Rule>

<Rule id="jboss_activemq-file_permissions" severity="medium">
<title>Ensure Only Administrators Can Modify Configuration
Files</title>
<description>Server should be protected with permission sets
which allow only an application administrator to modify
application resource configuration files.
</description>
<ocil clause="non-administrators can modify files">
</ocil>
<rationale>
An access control flaw exists if users or processes can view
or modify data to which they should not be permitted. This
could result in situations ranging from information disclosure
to system compromise and could potentially result in the
compromise of other systems on the network.
</rationale>
<ident cce="" />
<!--oval id="jboss_activemq-file_permissions" /-->
<ref nist="" disa="" cis="" />
</Rule>

</Group>
