<Group id="karaf">
<title>Apache Karaf Configuration</title>
<description>The rules in this group validate Apache Karaf
related items.
</description>

<Group id="jboss_karaf-policies_and_procedures" >
<title>Apache Karaf Policies and Procedures</title>
<description>The rules in this group validate Apache Karaf
policies and procedures.
</description>

<Rule id="jboss_karaf-physical_protections" severity="high">
<title>Ensure Adequate Physical Protections</title>
<description>The hardware and software executing JBoss Fuse, as
well as the software critical to security policy enforcement must
be protected from unauthorized modification including unauthorized
modifications by potentially hostile outsiders. Reasonable physical
security measures to ensure that unauthorized personnel do not have
physical access to the hardware running the JBoss Enterprise
Application Platform software must be implemented.
</description>
<ocil clause="physical protections are not in place, or they are inadequate">
</ocil>
<rationale>
Many software security precautions can easily be bypassed by
personnel with physical access to hardware storing data or
executing an application.
</rationale>
<ident cce="" />
<!--oval id="jboss_karaf-physical_protections" /-->
<ref nist="PE-1,PE-2,PE-3,PE-7,PE-18" disa="" cis="" />
</Rule>

<Rule id="jboss_karaf-assign_administator" severity="high">
<title>Assign A JBoss Administrator</title>
<description>There must be one or more competent individuals who
are assigned to manage JBoss Fuse, its environment and the security
of the information it contains.
</description>
<ocil clause="no JBoss Administrator is assigned">
</ocil>
<rationale>
Incompetent, careless, or negligent JBoss administrators can
completely invalidate a secure JBoss configuration and create
numberless problems for JBoss.
</rationale>
<ident cce="" />
<!--oval id="jboss_karaf-assign_administator" /-->
<ref nist="AT-2,AT-3,AT-4" disa="" cis="" />
</Rule>

<Rule id="jboss_karaf-incident_response" severity="medium">
<title>Document Incident Response Procedures</title>
<description>Ensure well developed procedures exist for incident
handling. Incidents include any events that are anomalous to the
environment.
</description>
<ocil clause="there are no incident response procedures in place">
</ocil>
<rationale>
Planning for incidents prior to real-life scenarios increases
incident response time and mitigates damages. Failure to
adequately prepare, plan, and exercise for these scenarios can
result in extensive losses.
</rationale>
<ident cce="" />
<!--oval id="jboss_karaf-incident_response" /-->
<ref nist="IR-1, IR-8" disa="" cis="" />
</Rule>

<Rule id="jboss_karaf-incident_response_exercises" severity="medium">
<title>Perform Periodic Incident Response Exercises</title>
<description>Production environments should exercise incident
response procedures at least annually. Environments requiring
higher assurances of security should test incident response
procedures more often, possibly quarterly or even monthly.
Incident response procedures should cover all anomalous events.
</description>
<ocil clause="incident response exercises have not been conducted">
</ocil>
<rationale>
Planning for incidents and practicing procedures to be followed
prior to real-life scenario improves response time and mitigates
damages/losses that occur with incidents.
</rationale>
<ident cce="" />
<!--oval id="jboss_karaf-incident_response_exercises" /-->
<ref nist="IR-3" disa="" cis="" />
</Rule>

<Rule id="jboss_karaf-disaster_recovery" severity="medium">
<title>Document Disaster Recovery Procedures</title>
<description>Robust disaster recovery documentation and procedures
should exist. This documentation should include provisions for
the JBoss platform, deployed applications, required source code,
and supporting applications (such as authentication stores or
database servers).
</description>
<ocil clause="there are no disastor recovery procedures in place">
</ocil>
<rationale>
Planning for disasters and extended outages prior to a real-life
scenario helps mitigate losses associated with identified
disasters. Failure to adequately prepare, plan, and exercise for
these scenarios can result in extensive losses.
</rationale>
<ident cce="" />
<!--oval id="jboss_karaf-disaster_recovery" /-->
<ref nist="CP-1,CP-2" disa="" cis="" />
</Rule>

<Rule id="jboss_karaf-disaster_recovery_exerises" severity="medium">
<title>Perform Periodic Disaster Recovery Exercises</title>
<description>Production environments should exercise disaster
recovery procedures that include provisions for the JBoss
platform, deployed applications, and any required source code
at least annually. Environments requiring higher assurances
of disaster recovery ability should test procedures more
often, possibly quarterly or even monthly.
</description>
<ocil clause="disaster recovery exercises have not been conducted">
</ocil>
<rationale>
Planning for disasters and extended outages prior to a real-life
scenario helps mitigate losses associated with identified
disasters. Failure to adequately prepare, plan, and exercise for
these scenarios can result in extensive losses.
</rationale>
<ident cce="" />
<!--oval id="jboss_karaf-disaster_recovery_exerises" /-->
<ref nist="CP-4" disa="" cis="" />
</Rule>

<Rule id="jboss_karaf-application_data_flow_docs" severity="medium">
<title>Identify and Document Application Data Flows</title>
<description>It is recommended to identify and document
application data flows. This will allow insight into what paths
sensitive information takes through the application environment
and what data source connections need to be encrypted.
</description>
<ocil clause="no application data flow documentation exists">
</ocil>
<rationale>
Failure to document an application's data flows reduces security,
increases the chance for architectural and configuration errors,
and can impede performance. Many applications use network services
that are not immediately apparent.
</rationale>
<ident cce="" />
<!--oval id="jboss_karaf-application_data_flow_docs" /-->
<ref nist="SC-8,SC-9,SC-23" disa="" cis="" />
</Rule>

<Rule id="jboss_karaf-deployed_apps-java_perm_docs" severity="medium">
<title>Deployed Applications - Java Permission Deployment Docs</title>
<description>Java permissions for applications should be documented
and carefully reviewed prior to deployment. Developers and
administrators should strive to balance application permissions and
application functionality.
</description>
<ocil clause="there are no documents for java permissions for
deployed applications">
</ocil>
<rationale>
Java permissions for deployed applications should be carefully
restricted to enforce the least privilege principle. Careful
documentation, along with a thorough review will help prevent
needlessly insecure permission assignments for applications. An
overabundance of Java permissions can allow applications to
circumvent one of Java's strongest security features - the Java
Security Manager sandbox.
</rationale>
<ident cce="" />
<!--oval id="jboss_karaf-deployed_apps-java_perm_docs" /-->
<ref nist="AC-1" disa="" cis="" />
</Rule>

<Rule id="jboss_karaf-backup_schedule" severity="medium">
<title>Ensure Regular Backup Schedule</title>
<description>JBoss applications and configuration files should
be backed up at least weekly, possibly more if needed by the
environment.
</description>
<ocil clause="there are no regular backups scheduled">
</ocil>
<rationale>
Failure to regularly backup JBoss configuration files and deployed
applications can result in extensive downtime or information losses
in the event of a disaster or other system outage.
</rationale>
<ident cce="" />
<!--oval id="jboss_karaf-backup_schedule" /-->
<ref nist="CP-9" disa="" cis="" />
</Rule>

<Rule id="jboss_karaf-auditing_policy" severity="medium">
<title>Ensure Auditing Policy Exists</title>
<description>In order to effectively audit and review system logs,
an audit policy should be written to identify data and trends of
interest.
</description>
<ocil clause="no auditing policy exists">
</ocil>
<rationale>
Without a comprehensive audit policy and review procedures,
organizations risk missing critical events or event trends within
their environment. These missed events may indicate system anomalies
ranging from malicious attacks, system instabilities, system misuse,
etc.
</rationale>
<ident cce="jboss_karaf-auditing_policy" />
<!--oval id="" /-->
<ref nist="AU-1,AU-2,AU-3,AU-5" disa="" cis="" />
</Rule>

<Rule id="jboss_karaf-access_control_docs" severity="medium">
<title>Access Control Policy and Procedures</title>
<description>JBoss administrators must have access to guidance
regarding account creation, permissions assignments, role assignments,
etc.
</description>
<ocil clause="there are no access control policy and procedures">
</ocil>
<rationale>
A consistent, cohesive access control policy is impossible to attain
without a well-documented access control policy and related procedures.
Failure to do so typically results in over-assignment of access
permissions for users and applications, stale access for users and
applications, and other access control misconfigurations that reduce
the effectiveness of the security policy.
</rationale>
<ident cce="" />
<!--oval id="jboss_karaf-access_control_docs" /-->
<ref nist="AC-1" disa="" cis="" />
</Rule>

<Rule id="jboss_karaf-password_length_policy" severity="medium">
<title>Define Minimum and Maximum Password Length Requirement</title>
<description>Organizations should create an authenticator management
policy that defines minimum and maximum password sizes for user accounts
accessing JBoss and its deployed applications.
</description>
<ocil clause="no appropriate minimum and maximum password length
policy exists">
</ocil>
<rationale>
In brute force scenarios, passwords of extended lengths increase
password security and the length of time required to decrypt the password.
However, there are risks associated with requiring passwords of great
lengths, as users may take steps to circumvent policy; such as using
repetitive passwords, writing password reminders, or writing down their
passwords.
</rationale>
<ident cce="" />
<!--oval id="jboss_karaf-password_length_policy" /-->
<ref nist="IA-5" disa="" cis="" />
</Rule>

<Rule id="jboss_karaf-password_complexity_policy" severity="medium">
<title>Define Minimum Password Complexity Requirement</title>
<description>Organizations should create an authenticator management
policy that defines a minimum level of complexity for user accounts
accessing JBoss and its deployed applications. These requirements should
also restrict passwords from containing dictionary words and reusing
previous passwords.
</description>
<ocil clause="no appropriate minimum password complexity policy
exists">
</ocil>
<rationale>
Complex passwords increase password security and the length of time required
to decrypt the password. Additionally, complex passwords are less likely to
be found in password dictionaries. However, there are risks associated with
requiring overly complex passwords, as users may take steps to circumvent
policy; such as using repetitive passwords, writing password reminders, or
writing down their passwords.
</rationale>
<ident cce="" />
<!--oval id="jboss_karaf-password_complexity_policy" /-->
<ref nist="IA-5" disa="" cis="" />
</Rule>

<Rule id="jboss_karaf-password_expiration_policy" severity="medium">
<title>Define Minimum Password Expiration Interval</title>
<description>Organizations should create an authenticator management policy
that defines a maximum password age for user accounts accessing JBoss and
its deployed applications.
</description>
<ocil clause="no appropriate minimum password expiration policy exists">
</ocil>
<rationale>
In combination with password length and complexity, regularly changing
passwords can defeat many attacks. If a password or password hash is
intercepted by a malicious party, changing the password can remove access
or render invalid a cracking attempt on the hash. However, there are risks
associated with frequently changing passwords. Users may take steps to
circumvent policy such as using repetitive passwords or using password
derivatives. Additionally, changing passwords for system or application
accounts introduces an element of configuration risk. Poorly coordinated
or documented changes can result in system outages or create other problems.
</rationale>
<ident cce="" />
<!--oval id="jboss_karaf-password_expiration_policy" /-->
<ref nist="IA-5" disa="" cis="" />
</Rule>

</Group>

<Rule id="jboss_karaf-vender_supported_version" severity="medium">
<title>Ensure JBoss Fuse Is A Vendor Supported Version</title>
<description>Evaluated JBoss installation must be a vendor supported
version of JBoss Fuse 6. Organizations using JBoss Fuse must use a vendor
supported version with an active support contract.
</description>
<ocil clause="JBoss Fuse is not vender supported">
</ocil>
<rationale>
Failure to utilize a supported version of JBoss in a production environment
can lead to outages, unresolvable problems, no access to security or
functional updates, etc.
</rationale>
<ident cce="" />
<oval id="jboss_karaf-vender_supported_version" />
<ref nist="CM-6" disa="" cis="" />
</Rule>

<Rule id="jboss_karaf-java_vendor_supported" severity="high">
<title>Ensure Java Runtime Environment Is A Vendor Supported Version</title>
<description>Evaluated JBoss installation must use a vendor supported
Java virtual machine - i.e., one that has not reached end-of-life.
Migration strategies should be developed when end-of-life is impending.
</description>
<ocil clause="the Java Runtime Environment is not vendor supported">
</ocil>
<rationale>
Java installations should be a vendor supported version. If the Java
virtual machine in use by JBoss is not supported by the vendor, this
may result in outages, unresolvable problems, no access to security
or functional updates, etc.
</rationale>
<ident cce="" />
<!--oval id="jboss_karaf-java_vendor_supported" /-->
<ref nist="CM-6" disa="" cis="" />
</Rule>

<Rule id="jboss_karaf-downloaded_software_valid" severity="medium">
<title>Ensure All Downloaded Software Is Validated</title>
<description>Software and packages should be downloaded from
redhat.com, and hash validated.
</description>
<ocil clause="all JBoss software that has been downloaded is valid">
</ocil>
<rationale>
Without validating downloaded files are authentic, malicious users
may compromise software before it has even been installed. Attackers
may redirect traffic to alternate download locations and attempt to
trick administrators into downloading modified software.
</rationale>
<ident cce="" />
<!--oval id="jboss_karaf-downloaded_software_valid" /-->
<ref nist="CM-6" disa="" cis="" />
</Rule>

<Rule id="jboss_karaf-disable_hot_deployment" severity="low">
<title>Disable Hot Deployment</title>
<description>Hot deployment should be disabled on production
servers. Hot Deployment allows for automatic deployment of Java
applications by simply placing Java applications into the deploy
directory.
</description>
<ocil clause="hot deployment has not been disabled">
</ocil>
<rationale>
Hot deployments are not a recommended best practice for production
environments. By requiring the additional step of restarting the
JBoss server, application deployments become more deliberate and
purposeful.
</rationale>
<ident cce="" />
<!--oval id="jboss_karaf-disable_hot_deployment" /-->
<ref nist="CM-7" disa="" cis="" />
</Rule>

<Rule id="jboss_karaf-remove_default_users" severity="medium">
<title>Ensure Default User Accounts Have Benn Removed</title>
<description>Remove, rename, or comment out the default user
accounts defined in .properties files.
</description>
<ocil clause="the default user accounts still exist">
</ocil>
<rationale>
Default configurations are commonly leveraged by attackers to
gain entry into closed systems. Removing, renaming, or commenting
out default user accounts makes malicious exploitation more
complex.
</rationale>
<ident cce="" />
<!--oval id="jboss_karaf-remove_default_users" /-->
<ref nist="IA-5" disa="" cis="" />
</Rule>

<Rule id="jboss_karaf-remove_default_roles" severity="medium">
<title>Ensure Default Roles Have Been Removed</title>
<description>Remove, rename, or comment out the default roles
defined in .properties files.
</description>
<ocil clause="the default user roles still exist">
</ocil>
<rationale>
Default configurations are commonly leveraged by attackers to gain
entry into closed systems. Removing, renaming, or commenting out
default roles makes malicious exploitation more complex.
</rationale>
<ident cce="" />
<!--oval id="jboss_karaf-remove_default_roles" /-->
<ref nist="IA-5" disa="" cis="" />
</Rule>

<Rule id="jboss_karaf-secure_java_security_manager" severity="medium">
<title>Configure Java Security Manager To Use An Environment Policy</title>
<description>The Java Security Manager is a crucial piece of the Java
security infrastructure. JBoss Fuse should be configured to load a Java
security policy that has been vetted for use in the environment.
</description>
<ocil clause="no policy file exists or has been configured">
</ocil>
<rationale>
A weak, default, or incomplete Java Security Manager policy file can
completely compromise the security of a Java installation by granting
excessive permissions to applications running within the sandbox. These
permissions can be leveraged (maliciously or not) to run code against the
operating system.
</rationale>
<ident cce="" />
<!--oval id="jboss_karaf-secure_java_security_manager" /-->
<ref nist="SA-13" disa="" cis="" />
</Rule>

<Rule id="jboss_karaf-deployed_java_file_permissions" severity="medium">
<title>Ensure Deployed Applications Have Restricted File Permissions</title>
<description>Deployed applications must not be granted file permissions
- except to those that are dedicated to the application only. These
permissions are enforced by the Java Security Manager and the policies it
loads at startup. These permissions can be assigned or restricted in an
application-specific, granular manner.
</description>
<ocil clause="proper permissions are not set for java.io.FilePermission
for deployed applications">
</ocil>
<rationale>
Java permissions for deployed applications should be carefully restricted
to enforce the least privilege principle. Granting unrestricted access to
the host operating system creates a large attack vector for malicious
users that have penetrated the JBoss server.
</rationale>
<ident cce="" />
<!--oval id="jboss_karaf-deployed_java_file_permissions" /-->
<ref nist="AC-6" disa="" cis="" />
</Rule>

<Rule id="jboss_karaf-deployed_java_network_permissions" severity="medium">
<title>Ensure Deployed Applications Do Not Have Network Permissions</title>
<description>Deployed applications must not be granted network permissions.
These permissions are enforced by the Java Security Manager and the policies
it loads at startup. These permissions can be assigned or restricted in an
application-specific, granular manner.
</description>
<ocil clause="proper permissions are not set for java.net.NetPermission 
for deployed applications">
</ocil>
<rationale>
Java permissions for deployed applications should be carefully restricted
to enforce the least privilege principle.
</rationale>
<ident cce="" />
<!--oval id="jboss_karaf-deployed_java_network_permissions" /-->
<ref nist="AC-6" disa="" cis="" />
</Rule>

<Rule id="jboss_karaf-deployed_runtime_permissions" severity="medium">
<title>Disable Runtime Permissions for Deployed Applications</title>
<description>Deployed applications must not be granted runtime permissions.
These permissions are enforced by the Java Security Manager and the policies
it loads at startup. These permissions can be assigned or restricted in an
application-specific, granular manner.
</description>
<ocil clause="proper permissions are not set for java.lang.RuntimePermission
for deployed applications">
</ocil>
<rationale>
Java permissions for deployed applications should be carefully restricted
to enforce the least privilege principle. Granting RuntimePermission to
applications allows these applications to modify classloaders or modify
the running security manager. Either of these actions can be used to
elevate permissions and increase the number of potential damaging actions
that can be taken.
</rationale>
<ident cce="" />
<!--oval id="jboss_karaf-deployed_runtime_permissions" /-->
<ref nist="AC-6" disa="" cis="" />
</Rule>

<Rule id="jboss_karaf-deployed_socket_permissions" severity="medium">
<title>Disable Socket Permissions for Deployed Applications</title>
<description>Deployed applications must not be granted any socket permissions.
These permissions are enforced by the Java Security Manager and the policies
it loads at startup. These permissions can be assigned or restricted in an
application-specific, granular manner.
</description>
<ocil clause="proper permissions are not set for java.net.SocketPermission
for deployed applications">
</ocil>
<rationale>
Java permissions for deployed applications should be carefully restricted
to enforce the least privilege principle. Most well-designed applications
will not need to directly manipulate sockets for network access (access to
datasources should be handled through datasources, which can be
assigned SocketPermission.
</rationale>
<ident cce="" />
<!--oval id="jboss_karaf-deployed_socket_permissions" /-->
<ref nist="AC-6" disa="" cis="" />
</Rule>

<Rule id="jboss_karaf-deployed_permissions" severity="medium">
<title>Disable All Permission for Deployed Applications</title>
<description>Deployed applications must not be granted all permissions.
These permissions are enforced by the Java Security Manager and the policies
it loads at startup. These permissions can be assigned or restricted in an
application-specific, granular manner.
</description>
<ocil clause="proper permissions are not set for java.security.AllPermission
for deployed applications">
</ocil>
<rationale>
Java permissions for deployed applications should be carefully restricted
to enforce the least privilege principle. Using AllPermissions is essentially
disabling the Java security sandbox and is inadvisable in nearly every scenario.
</rationale>
<ident cce="" />
<!--oval id="" /-->
<ref nist="AC-6" disa="" cis="" />
</Rule>

<Rule id="jboss_karaf-java_aaa_service" severity="medium">
<title>Ensure Java Authentication and Authorization Service Is Configured</title>
<description>Using the default system JAAS configuration ensures user
identification and authentication are performed by JBoss Fuse.
</description>
<ocil clause="JAAS is not configured or in use">
</ocil>
<rationale>
Using an administrator specified JAAS configuration enables a more
rigorous security posture.
</rationale>
<ident cce="" />
<!--oval id="jboss_karaf-java_aaa_service" /-->
<ref nist="CM-6" disa="" cis="" />
</Rule>

<Rule id="jboss_karaf-dod_hardware_pki_token" severity="medium">
<title>Enable CAC Card Usage for Deployed Applications</title>
<description>JBoss applications implementing authentication should
utilize the DoD Public Key Infrastructure. The DoD Public Key
Infrastructure is designed to use hardware tokens such as the Common
Access Card in conjunction with issued X.509 certificates. These tokens
are typically protected with a PIN that unlocks access to the private
certificate stored on the token.
</description>
<ocil clause="deployed JBoss applications do not have CAC card usage
enabled">
</ocil>
<rationale>
Leveraging the DoD Public Key Infrastructure increases the security
of an application because the DoD PKI raises the bar for exploitation
of user identities. Applications that require authentication and do
not utilize PKI must then rely on a less secure form of authentication,
such as username and password. Additionally, current DoD guidance
requires the use of DoD PKI over username and password.
</rationale>
<ident cce="" />
<!--oval id="jboss_karaf-dod_hardware_pki_token" /-->
<ref nist="IA-5" disa="" cis="" />
</Rule>

<Rule id="jboss_karaf-enable_fips_modules" severity="medium">
<title>Enable FIPS Compliant Modules</title>
<description>While JBoss itself has no need to load FIPS compliant modules,
the underlying technologies such as Java do. Utilizing only FIPS compliant
modules decreases compatibility with applications that are not FIPS enabled.
</description>
<ocil clause="FIPS compliant modules are not enabled">
</ocil>
<rationale>
Enabling FIPS compliant algorithms ensures that the underlying technologies
that JBoss works through are using cryptographic modules that have been
vetted by NIST for security, stability, and strength. Failure to utilize
FIPS certified modules may cause the underlying technologies used by JBoss to
utilize older, less secure algorithms. Failure to enable only FIPS compliant
modules may also have regulatory consequences, as FIPS 140-2 requires the
use of FIPS compliant modules by all federal agencies.
</rationale>
<ident cce="" />
<!--oval id="jboss_karaf-enable_fips_modules" /-->
<ref nist="SC-13" disa="" cis="" />
</Rule>

<Rule id="jboss_karaf-remove_cleartext_passwords" severity="medium">
<title>Disable and Remove Clear-Text Passwords</title>
<description>Eliminate clear-text passwords in JBoss configuration files. All
passwords should be encrypted and all password files should have restricted
file permissions.
</description>
<ocil clause="clear-text passwords exist or are enabled">
</ocil>
<rationale>
Clear-text passwords are an unnecessary security vulnerability. While risk
of exposure can be mitigated through configured permissions and file ownership,
these methods do not completely remediate the risk.
</rationale>
<ident cce="" />
<!--oval id="jboss_karaf-remove_cleartext_passwords" /-->
<ref nist="SC-28" disa="" cis="" />
</Rule>

<Rule id="jboss_karaf-process_owner_permissions" severity="medium">
<title>Ensure JBoss Process Owner Executes with Least Privilege</title>
<description>Operating environment permissions assigned to the JBoss process
owner should be in compliance with the principle of least privilege.
</description>
<ocil clause="the JBoss process owner is not executing with least privilege">
</ocil>
<rationale>
In order to reduce the potential impact of exploitation against the JBoss
application server (and the rest of the operating environment), the JBoss process
owner should execute with as few permissions as possible in the environment
(if the account is not local to the operating system or is distributed across
multiple operating systems). Failure to limit permissions can dramatically
increase the severity of exploits against the JBoss server, such as the
execution of arbitrary code.
</rationale>
<ident cce="" />
<!--oval id="jboss_karaf-process_owner_permissions" /-->
<ref nist="AC-6" disa="" cis="" />
</Rule>

<Rule id="jboss_karaf-process_owner_console_access" severity="medium">
<title>Deny JBoss Process Owner Console Access</title>
<description>The JBoss process owner should not have interactive console
login access.
</description>
<ocil clause="the JBoss process owner has console access">
</ocil>
<rationale>
In order to limit access in the event of an exploitation of the Jboss or
one of its deployed applications, the account owning the Jboss process should
be limited in its ability to interact with the supporting operating system
where possible. Thus, the JBoss process owner account should not have
interactive console access.
</rationale>
<ident cce="" />
<!--oval id="jboss_karaf-process_owner_console_access" /-->
<ref nist="AC-6" disa="" cis="" />
</Rule>

<Rule id="jboss_karaf-files_ownership" severity="medium">
<title>Ensure JBoss Files Are Owned By Appropriate Users</title>
<description>All JBoss Fuse files within the installation directory should
be owned by the JBoss process owner account.
</description>
<ocil clause="JBoss files ownership is not correct">
</ocil>
<rationale>
To prevent unauthorized modification or disclosure of JBoss configuration
settings, all files within the installation directory should be owned by
the JBoss process owner account.
</rationale>
<ident cce="" />
<!--oval id="jboss_karaf-files_ownership" /-->
<ref nist="AC-3" disa="" cis="" />
</Rule>

<Rule id="jboss_karaf-file_permissions" severity="medium">
<title>Ensure JBoss Files Have Correct Permissions</title>
<description>All JBoss files within the installation directory should be
readable by the JBoss process owner and JBoss administrators only.
</description>
<ocil clause="JBoss file permissions are not correct">
</ocil>
<rationale>
To prevent unauthorized modification or disclosure of JBoss configuration
settings, access to all files within the installation directory should be
restricted to the JBoss process owner account and Jboss administrators.
</rationale>
<ident cce="" />
<!--oval id="jboss_karaf-file_permissions" /-->
<ref nist="AC-3, AC-6" disa="" cis="" />
</Rule>

<Rule id="jboss_karaf-secure_remote_access" severity="high">
<title>Disable Or Secure Remote Access</title>
<description>Remote access must be secured so it is accessible by trusted
administrators only. If this condition is not met, the access must be
disabled from the deployment.
</description>
<ocil clause="remote access is not secured or disabled">
</ocil>
<rationale>
Failure to secure against unauthorized access can quickly lead to system
compromise. The default access included with JBoss is a well-known attack
vector that can be leveraged to load malicious code to be executed on the
server.
</rationale>
<ident cce="" />
<!--oval id="jboss_karaf-secure_remote_access" /-->
<ref nist="AC-3" disa="" cis="" />
</Rule>

<Rule id="jboss_karaf-secure_web_console" severity="high">
<title>Secure or Remove Web Console</title>
<description>The Web Console application must be secured so it is
accessible by trusted administrators only. If this condition is not met,
the application must be removed (deleted) from deployment.
</description>
<ocil clause="the web console is not secure or removed">
</ocil>
<rationale>
Failure to secure the default consoles against unauthorized access can
quickly lead to system compromise. The default consoles included with JBoss
are a well-known attack vector that can be leveraged to load malicious code
to be executed on the server.
</rationale>
<ident cce="" />
<!--oval id="jboss_karaf-secure_web_console" /-->
<ref nist="AC-3" disa="" cis="" />
</Rule>

<Rule id="jboss_karaf-secure_jmx_access" severity="high">
<title>Secure or Disable JMX Access</title>
<description>JMX access must be secured so it is accessible by trusted
administrators only. If this condition is not met, the access must be
disabled from the deployment.
</description>
<ocil clause="JMX access is not secured or disabled">
</ocil>
<rationale>
Failure to secure JMX against unauthorized access can quickly lead to
system compromise. The default access included with JBoss is a well-known
attack vector that can be leveraged to load malicious code to be executed
on the server.
</rationale>
<ident cce="" />
<!--oval id="jboss_karaf-secure_jmx_access" /-->
<ref nist="AC-3" disa="" cis="" />
</Rule>

<Rule id="jboss_karaf-enable_encrypted_passwords" severity="medium">
<title>Enable Encrypted Passwords</title>
<description>Password hashing should be enabled in all security realms
where plain-text passwords are currently in use.
</description>
<ocil clause="encrypted passwords are not enable or in use">
</ocil>
<rationale>
Failure to enable password hashing within a login module can result in
plain-text exposure client passwords used for authentication.
</rationale>
<ident cce="" />
<!--oval id="jboss_karaf-enable_encrypted_passwords" /-->
<ref nist="SC-8, SC-9" disa="" cis="" />
</Rule>

<Rule id="jboss_karaf-security_config_attributes" severity="medium">
<title>Ensure Administrators Can Only Change Security Related
Configuration Attributes</title>
<description>Security attributes are typically associated with internal
data structures and configuration (e.g., application deployment, logging,
monitoring) within the application server and are used to enable the
implementation of access control and flow control policies, reflect special
dissemination, handling or distribution instructions, or support other
aspects of the organizational information security policy.
</description>
<ocil clause="non-administrators are allowed to change security related
attributes">
</ocil>
<rationale>
If unauthorized entities were able to change security attributes, the
integrity and/or confidentiality of the server could be compromised.
</rationale>
<ident cce="" />
<!--oval id="jboss_karaf-security_config_attributes" /-->
<ref nist="" disa="" cis="" />
</Rule>

<Rule id="jboss_karaf-pki_assocation_permission" severity="medium">
<title>Ensure Only Authorized Users Can Associate PKI Information</title>
<description>Throughout the course of normal usage, authorized users of
application servers will have the need to associate security attributes
in the form of PKI credentials with information. The server utilizes a
role based authentication model when managing server resources and limits
access according to user role. 
</description>
<ocil clause="unauthorized users can associate PKI information with security
attributes">
</ocil>
<rationale>
The server must ensure that only the users who are authorized to associate
security attributes with information are allowed to do so.
</rationale>
<ident cce="" />
<!--oval id="jboss_karaf-pki_assocation_permission" /-->
<ref nist="" disa="" cis="" />
</Rule>

<Rule id="jboss_karaf-enable_ssl" severity="medium">
<title>Enable SSL On The Web Console</title>
<description>The server must utilize cryptography to protect the
confidentiality of remote access management sessions.
</description>
<ocil clause="SSL is not enabled on the web brower">
</ocil>
<rationale>
If cryptography is not used, then the session data traversing the
remote connection could be intercepted and compromised.
</rationale>
<ident cce="" />
<!--oval id="jboss_karaf-enable_ssl" /-->
<ref nist="" disa="" cis="" />
</Rule>

<Rule id="jboss_karaf-enable_secure_connections" severity="medium">
<title>Secure Remote Access Via SSH</title>
<description>The server must utilize cryptography to protect the
confidentiality of remote access management sessions.
</description>
<ocil clause="remote access is not secured">
</ocil>
<rationale>
If cryptography is not used, then the session data traversing the
remote connection could be intercepted and compromised.
</rationale>
<ident cce="" />
<!--oval id="jboss_karaf-enable_secure_connections" /-->
<ref nist="" disa="" cis="" />
</Rule>

<Rule id="jboss_karaf-reduce_logging" severity="low">
<title>Reduce Logging To Decrease Storage Capacity Limitations</title>
<description>The server must configure auditing to reduce the
likelihood of storage capacity being exceeded.
</description>
<ocil clause="logging capacity has not been reduced">
</ocil>
<rationale>
The server auditing capability is critical for accurate
forensic analysis. Alerting administrators when audit log
size thresholds are exceeded helps ensure the administrators
can respond to heavy activity in a timely manner. Failure to
alert increases the probability that an adversary's actions
will go undetected. The server or the configured Network
Attached Storage Device (SAN) must alert administrators
when audit log usage reaches a defined percentage of overall
capacity.
</rationale>
<ident cce="" />
<!--oval id="jboss_karaf-reduce_logging" /-->
<ref nist="" disa="" cis="" />
</Rule>

<Rule id="jboss_karaf-log_retention" severity="medium">
<title>Configure JBoss Logs Number of Days Retained</title>
<description>Logging should be configured to maintain logs for
a organization defined continuous number of days.
</description>
<ocil clause="JBoss logs are not configured to retain for a defined
period of days">
</ocil>
<rationale>
If adequate online audit storage capacity is not maintained,
intrusion monitoring, security investigations, and forensic
analysis can be negatively affected.
</rationale>
<ident cce="" />
<!--oval id="jboss_karaf-log_retention" /-->
<ref nist="" disa="" cis="" />
</Rule>

<Rule id="jboss_karaf-system_admin_access" severity="high">
<title>Ensure Only Approved Administrators Can Change System
Configurations</title>
<description>The server must enforce logical access restrictions
associated with changes to application configuration.
</description>
<ocil clause="unathorized users can make system changes">
</ocil>
<rationale>
When dealing with access restrictions pertaining to change control,
it should be noted that any changes to the hardware, software,
and/or firmware components of the information system and/or
application can potentially have significant effects on the overall
security of the system. Accordingly, only qualified and authorized
individuals should be allowed to obtain access to server components
for the purposes of initiating changes, including upgrades and
application modifications.
</rationale>
<ident cce="" />
<!--oval id="jboss_karaf-system_admin_access" /-->
<ref nist="" disa="" cis="" />
</Rule>

<Rule id="jboss_karaf-non-essential_bundles_features" severity="medium">
<title>Remove All Non-Essential Bundles And Features</title>
<description>All non-essential bundles and features should be
removed from production servers.
</description>
<ocil clause="non-essential bundles and features have not been removed">
</ocil>
<rationale>
The server provide a myriad of differing processes, features and
functionalities. Some of these processes may be deemed to be
unnecessary or too insecure to run on a production DoD system.
Servers must provide the capability to disable or deactivate
functionality and services that are deemed to be non-essential
to the server mission or can adversely impact server performance.
</rationale>
<ident cce="" />
<!--oval id="jboss_karaf-non-essential_bundles_features" /-->
<ref nist="" disa="" cis="" />
</Rule>

<Rule id="jboss_karaf-disable_services_ports" severity="medium">
<title>Disable All Unused Ports, Protocols, And services</title>
<description>The server must prohibit or restrict the use of
unauthorized functions, ports, protocols, and/or services.
</description>
<ocil clause="unused ports, protocols, and services have not been disabled">
</ocil>
<rationale>
The server provides numerous processes, features and functionalities
that utilize TCP/IP ports. Some of these processes may be deemed to be
unnecessary or too insecure to run on a production system.
</rationale>
<ident cce="" />
<!--oval id="jboss_karaf-disable_services_ports" /-->
<ref nist="" disa="" cis="" />
</Rule>

<Rule id="jboss_karaf-stored_passwords_encrypted" severity="high">
<title>Ensure Stored Passwords Are Encrypted</title>
<description>Stored passwords must be encrypted.
</description>
<ocil clause="stored passwords are not encrypted">
</ocil>
<rationale>
Passwords need to be protected at all times and encryption is
the standard method for protecting passwords. If passwords are
not encrypted, they can be plainly read and easily compromised. 
</rationale>
<ident cce="" />
<!--oval id="jboss_karaf-stored_passwords_encrypted" /-->
<ref nist="" disa="" cis="" />
</Rule>

<Rule id="jboss_karaf-enable_ldap_ssl" severity="high">
<title>Enable SSL When LDAP Is Configured</title>
<description>The server must utilize encryption when using
LDAP for authentication.
</description>
<ocil clause="LDAP is not configured to use SSL">
</ocil>
<rationale>
Passwords need to be protected at all times and encryption is the
standard method for protecting passwords during transmission.
</rationale>
<ident cce="" />
<!--oval id="jboss_karaf-enable_ldap_ssl" /-->
<ref nist="" disa="" cis="" />
</Rule>

<Rule id="jboss_karaf-enable_fips_authentication" severity="medium">
<title>Enable FIPS for User and Process Authentication</title>
<description>The Application Server must utilize FIPS 140-2 approved
encryption modules when authenticating users and processes.
</description>
<ocil clause="FIPS is not enabled or configured">
</ocil>
<rationale>
Encryption is only as good as the encryption modules utilized. Unapproved
cryptographic module algorithms cannot be verified, and cannot be relied
upon to provide confidentiality or integrity and DoD data may be
compromised due to weak algorithms. FIPS 140-2 is the current standard for
validating cryptographic modules and NSA Type-X (where X=1, 2, 3, 4)
products are NSA certified hardware-based encryption modules.
</rationale>
<ident cce="" />
<!--oval id="jboss_karaf-enable_fips_authentication" /-->
<ref nist="" disa="" cis="" />
</Rule>

<Rule id="jboss_karaf-dod_cns_certificates" severity="high">
<title>Configure DoD or CNS approved PKI Class 3 and Class 4 Certificates</title>
<description>The server must use DoD or CNS approved PKI Class 3
or Class 4 certificates.
</description>
<ocil clause="DoD or CNS approved PKI Class 3 and Class 4 certificates are not
configured or in use">
</ocil>
<rationale>
Class 3 PKI certificates are used for servers and software signing
rather than for identifying individuals. Class 4 certificates are used
for business-to-business transactions. Utilizing unapproved certificates
not issued or approved by DoD or CNS creates an integrity risk.
</rationale>
<ident cce="" />
<!--oval id="dod_cns_certificates"" /-->
<ref nist="" disa="" cis="" />
</Rule>

<Rule id="jboss_karaf-ldap_securely_fail" severity="medium">
<title>Configure LDAP To Fail Securely</title>
<description>The server must fail securely in the event of an
operational failure.
</description>
<ocil clause="LDAP is not configured to fail securely">
</ocil>
<rationale>
Fail secure is a condition achieved by the server in order to ensure
that in the event of an operational failure, the system does not
enter into an unsecure state where intended security properties no
longer hold.
</rationale>
<ident cce="" />
<!--oval id="jboss_karaf-ldap_securely_fail" /-->
<ref nist="" disa="" cis="" />
</Rule>

<Rule id="jboss_karaf-secure_logging" severity="medium">
<title>Ensure JBoss Logging Is Secured</title>
<description>Only error messages that provide information necessary
for corrective actions without revealing sensitive or potentially harmful
information in error logs and administrative messages should be generated.
</description>
<ocil clause="logging is not configured to prevent sensitive information
from being revealed">
</ocil>
<rationale>
Any application providing too much information in error logs and in
administrative messages to the screen risks compromising the data and
security of the application and system. The structure and content of error
messages needs to be carefully considered by the organization and
development team. 
</rationale>
<ident cce="" />
<!--oval id="jboss_karaf-secure_logging" /-->
<ref nist="" disa="" cis="" />
</Rule>

<Rule id="jboss_karaf-logging_access" severity="medium">
<title>Ensure Log Files Are Only Accessed By Authorized Users</title>
<description>Only authorized personnel may view log files.
</description>
<ocil clause="log files can be accessed or viewed by any user">
</ocil>
<rationale>
If the application provides too much information in error logs and
administrative messages to the screen, this could lead to compromise.
The structure and content of error messages need to be carefully considered
by the organization and development team. The extent to which the
information system is able to identify and handle error conditions is
guided by organizational policy and operational requirements. 
</rationale>
<ident cce="" />
<!--oval id="jboss_karaf-logging_access" /-->
<ref nist="" disa="" cis="" />
</Rule>

<Rule id="jboss_karaf-enable_pki_web_console" severity="medium">
<title>Enable The Web Console To Use PKI</title>
<description>PKI should be enabled for the Web Console.
</description>
<ocil clause="the web console is not configured to use PKI">
</ocil>
<rationale>
All applications requiring user authentication to access sensitive data
must be PK-enabled in compliance with DoDI 8520.2 PKI and PK Enabling
and are required to credentials approved under the DoD PKI program.
</rationale>
<ident cce="" />
<!--oval id="jboss_karaf-enable_pki_web_console" /-->
<ref nist="" disa="" cis="" />
</Rule>

<Rule id="jboss_karaf-valid_dod_certificates" severity="high">
<title>All PKI Certificates Are Valid DoD Certificates</title>
<description>All PKI Certificates in use should be valid at the time of use.
</description>
<ocil clause="certificates are not valid DoD certs">
</ocil>
<rationale>
By using invalid certificates the server may allow unauthorized users
access to the system.
</rationale>
<ident cce="" />
<!--oval id="jboss_karaf-valid_dod_certificates" /-->
<ref nist="" disa="" cis="" />
</Rule>

<Rule id="jboss_karaf-config_file_permissions" severity="medium">
<title>Ensure Only Administrators Can Modify Configuration Files</title>
<description>Server should be protected with permission sets which allow
only an application administrator to modify application resource
configuration files.
</description>
<ocil clause="non-administrators can modify files">
</ocil>
<rationale>
An access control flaw exists if users or processes can view or modify
data to which they should not be permitted. This could result in situations
ranging from information disclosure to system compromise and could potentially
result in the compromise of other systems on the network.
</rationale>
<ident cce="" />
<!--oval id="jboss_karaf-config_file_permissions" /-->
<ref nist="" disa="" cis="" />
</Rule>

</Group>
