<?xml version="1.0" encoding="UTF-8"?>

<cpe-list xmlns:xsi="http://www.w3.org/2001/XMLSchema-instance" xmlns:meta="http://scap.nist.gov/schema/cpe-dictionary-metadata/0.2" xmlns="http://cpe.mitre.org/dictionary/2.0" xsi:schemaLocation="http://scap.nist.gov/schema/cpe-dictionary-metadata/0.2  http://nvd.nist.gov/schema/cpe-dictionary-metadata_0.2.xsd http://cpe.mitre.org/dictionary/2.0 http://cpe.mitre.org/files/cpe-dictionary_2.2.xsd">
    
    <cpe-item name="cpe:/a:redhat:jboss_enterprise_application_platform:5.0.0">
        <title xml:lang="en-US">JBoss Enterprise Application Platform 5.0.0</title>
        <check system="http://oval.mitre.org/XMLSchema/oval-definitions-5" href="eap5-cpe-oval.xml">oval:com.redhat.eap5.scap:def:599601</check>
    </cpe-item>
    
	<cpe-item name="cpe:/a:redhat:jboss_enterprise_application_platform:5.1.0">
	    <title xml:lang="en-US">JBoss Enterprise Application Platform 5.1.0</title>
        <check system="http://oval.mitre.org/XMLSchema/oval-definitions-5" href="eap5-cpe-oval.xml">oval:com.redhat.eap5.scap:def:599901</check>
    </cpe-item>
    
    <cpe-item name="cpe:/a:redhat:jboss_enterprise_application_platform:5.1.1">
        <title xml:lang="en-US">JBoss Enterprise Application Platform 5.1.1</title>
        <check system="http://oval.mitre.org/XMLSchema/oval-definitions-5" href="eap5-cpe-oval.xml">oval:com.redhat.eap5.scap:def:599701</check>
    </cpe-item>
    
    <cpe-item name="cpe:/a:redhat:jboss_enterprise_application_platform:5.1.2">
        <title xml:lang="en-US">JBoss Enterprise Application Platform 5.1.2</title>
        <check system="http://oval.mitre.org/XMLSchema/oval-definitions-5" href="eap5-cpe-oval.xml">oval:com.redhat.eap5.scap:def:599801</check>
    </cpe-item>
    <cpe-item name="cpe:/a:redhat:jboss_enterprise_application_platform:5.0.1">
        <title xml:lang="en-US">JBoss Enterprise Application Platform 5.0.1</title>
        <check system="http://oval.mitre.org/XMLSchema/oval-definitions-5" href="eap5-cpe-oval.xml">oval:com.redhat.eap5.scap:def:600001</check>
    </cpe-item>
</cpe-list>
