<def-group>
  <definition class="compliance" id="firefox_preferences-search_update"  version="1">
    <metadata>
      <title>Disable Installed Search Plugins Update Checking</title>
      <affected family="unix">
        <platform>Mozilla Firefox</platform>
      </affected>
      <description>Search plugins can be automatically configured to check for
      updates. Updates need to be controlled and installed from authorized and
      trusted servers.</description>
    </metadata>
    <criteria>
      <criterion comment="Disable search plugin update capability" test_ref="test_firefox_preferences-search_update" />
    </criteria>
  </definition>

  <ind:textfilecontent54_test check="all" comment="Check search plugin update capability is disabled" id="test_firefox_preferences-search_update" version="1">
    <ind:object object_ref="object_firefox_preferences-search_update" />
  </ind:textfilecontent54_test>
  <ind:textfilecontent54_object id="object_firefox_preferences-search_update" version="1">
    <ind:path operation="pattern match">^\/usr\/(|local\/)lib(|64)\/firefox</ind:path>
    <ind:filename operation="pattern match">^.*\.cfg$</ind:filename>
    <ind:pattern operation="pattern match">^lockPref\("browser.search.update",[\s]+false\);$</ind:pattern>
    <ind:instance datatype="int">1</ind:instance>
  </ind:textfilecontent54_object> 
</def-group>
