<def-group>
  <definition class="compliance" id="firefox_preferences-lock_settings_config_file"  version="1">
    <metadata>
      <title>Prevent Users from Changing Firefox Configuration Settings</title>
      <affected family="unix">
        <platform>Mozilla Firefox</platform>
      </affected>
      <description>Locked settings prevents users from accessing about:config and
      changing the security settings set by the system administrator.</description>
    </metadata>
    <criteria>
      <criterion comment="Configuration file is set" test_ref="test_firefox_preferences-config_filename" />
    </criteria>
  </definition>

  <ind:textfilecontent54_test check="all" comment="Check for configuration filename" id="test_firefox_preferences-config_filename" version="1">
    <ind:object object_ref="object_firefox_preferences-config_filename" />
  </ind:textfilecontent54_test>
  <ind:textfilecontent54_object id="object_firefox_preferences-config_filename" version="1">
    <ind:path operation="pattern match">^\/usr\/(|local\/)lib(|64)\/firefox\/defaults\/preferences</ind:path>
    <ind:filename operation="pattern match">^.*\.js$</ind:filename>
    <ind:pattern operation="pattern match">^pref\("general.config.filename",[\s]+"(\S+)\.cfg"\);$</ind:pattern>
    <ind:instance datatype="int">1</ind:instance>
  </ind:textfilecontent54_object>

</def-group>
