<def-group>
  <definition class="compliance" id="firefox_preferences-cookies_user_notice"  version="1">
    <metadata>
      <title>Disable User Prompt For Clearing Cookies And Other Data</title>
      <affected family="unix">
        <platform>Mozilla Firefox</platform>
      </affected>
      <description>Users should not be prompted about data and cookies being
      cleared when the browser is closed.</description>
    </metadata>
    <criteria>
      <criterion comment="disable promptOnSanitize" test_ref="test_firefox_preferences-cookies_sanitize_prompt" />
    </criteria>
  </definition>

  <ind:textfilecontent54_test check="all" comment="Check for promptOnSanitize disabled" id="test_firefox_preferences-cookies_sanitize_prompt" version="1">
    <ind:object object_ref="object_firefox_preferences-cookies_sanitize_prompt" />
  </ind:textfilecontent54_test>
  <ind:textfilecontent54_object id="object_firefox_preferences-cookies_sanitize_prompt" version="1">
    <ind:path operation="pattern match">^\/usr\/(|local\/)lib(|64)\/firefox</ind:path>
    <ind:filename operation="pattern match">^.*\.cfg$</ind:filename>
    <ind:pattern operation="pattern match">^lockPref\("privacy.sanitize.promptOnSanitize",[\s]+false\);$</ind:pattern>
    <ind:instance datatype="int">1</ind:instance>
  </ind:textfilecontent54_object>
</def-group>
