<def-group>
  <definition class="compliance" id="firefox_preferences-javascript_status_bar_text"  version="1">
    <metadata>
      <title>Disable JavaScript's Ability To Modify The Browser Appearance</title>
      <affected family="unix">
        <platform>Mozilla Firefox</platform>
      </affected>
      <description>Firefox should be configured not to allow JavaScript
      to change the status bar text.</description>
    </metadata>
    <criteria>
      <criterion comment="disable changing the status bar text" test_ref="test_firefox_preferences-javascript_status_bar_text" />
    </criteria>
  </definition>

  <ind:textfilecontent54_test check="all" comment="Check that changing the status bar text is disabled" id="test_firefox_preferences-javascript_status_bar_text" version="1">
    <ind:object object_ref="object_firefox_preferences-javascript_status_bar_text" />
  </ind:textfilecontent54_test>
  <ind:textfilecontent54_object id="object_firefox_preferences-javascript_status_bar_text" version="1">
    <ind:path operation="pattern match">^\/usr\/(|local\/)lib(|64)\/firefox</ind:path>
    <ind:filename operation="pattern match">^.*\.cfg$</ind:filename>
    <ind:pattern operation="pattern match">^lockPref\("dom.disable_window_open_feature.status",[\s]+true\);$</ind:pattern>
    <ind:instance datatype="int">1</ind:instance>
  </ind:textfilecontent54_object> 
</def-group>
