<def-group>
  <definition class="compliance" id="firefox_preferences-auto-update_of_firefox"  version="1">
    <metadata>
      <title>Disable Firefox Auto-Update Capability</title>
      <affected family="unix">
        <platform>Mozilla Firefox</platform>
      </affected>
      <description>Firefox should not be able to automatically
      update itself.</description>
    </metadata>
    <criteria>
      <criterion comment="auto-update is disabled" test_ref="test_firefox_preferences-auto-update_of_firefox" />
    </criteria>
  </definition>

  <ind:textfilecontent54_test check="all" comment="Check that auto-update of firefox is disabled" id="test_firefox_preferences-auto-update_of_firefox" version="1">
    <ind:object object_ref="object_firefox_preferences-auto-update_of_firefox" />
  </ind:textfilecontent54_test>
  <ind:textfilecontent54_object id="object_firefox_preferences-auto-update_of_firefox" version="1">
    <ind:path operation="pattern match">^\/usr\/(|local\/)lib(|64)\/firefox</ind:path>
    <ind:filename operation="pattern match">^.*\.cfg$</ind:filename>
    <ind:pattern operation="pattern match">^lockPref\("app.update.enabled",[\s]+false\);$</ind:pattern>
    <ind:instance datatype="int">1</ind:instance>
  </ind:textfilecontent54_object> 
</def-group>
