<def-group>
  <definition class="compliance" id="firefox_preferences-shell_protocol"  version="1">
    <metadata>
      <title>Disable Firefox Access to Shell Protocols</title>
      <affected family="unix">
        <platform>Mozilla Firefox</platform>
      </affected>
      <description>Firefox can be configured to access systems shells which
      could potentially allow Firefox and other users to access to the
      underlying system.</description>
      </metadata>
    <criteria>
      <criterion comment="Disable Firefox Shell Protocol Access" test_ref="test_firefox_preferences-shell_protocol" />
    </criteria>
  </definition>

  <ind:textfilecontent54_test check="all" comment="Check that the hell_protocol is disabled" id="test_firefox_preferences-shell_protocol" version="1">
    <ind:object object_ref="object_firefox_preferences-shell_protocol" />
  </ind:textfilecontent54_test>
  <ind:textfilecontent54_object id="object_firefox_preferences-shell_protocol" version="1">
    <ind:path operation="pattern match">^\/usr\/(|local\/)lib(|64)\/firefox</ind:path>
    <ind:filename operation="pattern match">^.*\.cfg$</ind:filename>
    <ind:pattern operation="pattern match">^lockPref\("network.protocol-handler.external.shell",[\s]+false\);$</ind:pattern>
    <ind:instance datatype="int">1</ind:instance>
  </ind:textfilecontent54_object>
</def-group>
