<def-group>
  <definition class="compliance" id="firefox_preferences-autofill_passwords"  version="1">
    <metadata>
      <title>Disable User Ability To Autofill Passwords</title>
      <affected family="unix">
        <platform>Mozilla Firefox</platform>
      </affected>
      <description>Firefox should not be configured to autofill passwords.</description>
    </metadata>
    <criteria>
      <criterion comment="autofill_passwords disabled" test_ref="test_firefox_preferences-autofill_passwords" />
    </criteria>
  </definition>

  <ind:textfilecontent54_test check="all" comment="Check for autofill_passwords disabled" id="test_firefox_preferences-autofill_passwords" version="1">
    <ind:object object_ref="object_firefox_preferences-autofill_passwords" />
  </ind:textfilecontent54_test>
  <ind:textfilecontent54_object id="object_firefox_preferences-autofill_passwords" version="1">
    <ind:path operation="pattern match">^\/usr\/(|local\/)lib(|64)\/firefox</ind:path>
    <ind:filename operation="pattern match">^.*\.cfg$</ind:filename>
    <ind:pattern operation="pattern match">^lockPref\("signon.prefillForms",[\s]+false\);$</ind:pattern>
    <ind:instance datatype="int">1</ind:instance>
  </ind:textfilecontent54_object>  

</def-group>
