<def-group>
  <definition class="compliance" id="firefox_preferences-javascript_window_resizing"  version="1">
    <metadata>
      <title>Disable JavaScript's Moving Or Resizing Windows Capability</title>
      <affected family="unix">
        <platform>Mozilla Firefox</platform>
      </affected>
      <description>FireFox should not be configured to allow JavaScript to move
      or resize windows.</description>
    </metadata>
    <criteria>
      <criterion comment="move or resize windows disabled" test_ref="test_firefox_preferences-javascript_window_resizing" />
    </criteria>   
  </definition>

  <ind:textfilecontent54_test check="all" comment="Check for move or resize windows disabled" id="test_firefox_preferences-javascript_window_resizing" version="1">
    <ind:object object_ref="object_firefox_preferences-javascript_window_resizing" />
  </ind:textfilecontent54_test>
  <ind:textfilecontent54_object id="object_firefox_preferences-javascript_window_resizing" version="1">
    <ind:path operation="pattern match">^\/usr\/(|local\/)lib(|64)\/firefox</ind:path>
    <ind:filename operation="pattern match">^.*\.cfg$</ind:filename>
    <ind:pattern operation="pattern match">^lockPref\("dom.disable_window_move_resize",[\s]+true\);$</ind:pattern>
    <ind:instance datatype="int">1</ind:instance>
  </ind:textfilecontent54_object>
</def-group>

