<def-group>
  <definition class="compliance" id="firefox_preferences-ssl_protocol_tls"  version="1">
    <metadata>
      <title>Enable TLS Usage in Firefox</title>
      <affected family="unix">
        <platform>Mozilla Firefox</platform>
      </affected>
      <description>DoD implementations of SSL must use TLS 1.0 in accordance with
      the Network Infrastructure STIG.</description>
    </metadata>
    <criteria>
      <criterion comment="TLS is enabled" test_ref="test_firefox_preferences-ssl_protocol_tls" />
    </criteria>
  </definition>

  <ind:textfilecontent54_test check="all" comment="Check if TLS is enabled" id="test_firefox_preferences-ssl_protocol_tls" version="1">
    <ind:object object_ref="object_firefox_preferences-ssl_protocol_tls" />
  </ind:textfilecontent54_test>
  <ind:textfilecontent54_object id="object_firefox_preferences-ssl_protocol_tls" version="1">
    <ind:path operation="pattern match">^\/usr\/(|local\/)lib(|64)\/firefox</ind:path>
    <ind:filename operation="pattern match">^.*\.cfg$</ind:filename>
    <ind:pattern operation="pattern match">^lockPref\("security.enable_tls",[\s]+true\);$</ind:pattern>
    <ind:instance datatype="int">1</ind:instance>
  </ind:textfilecontent54_object>
</def-group>
