<def-group>
  <definition class="compliance" id="firefox_preferences-auto-download_actions"  version="1">
    <metadata>
      <title>Disable Automatic Downloads of MIME Types</title>
      <affected family="unix">
        <platform>Mozilla Firefox</platform>
      </affected>
      <description>Firefox automatically executes or downloads MIME types which are
      not authorized for auto-download.</description>
    </metadata>
    <criteria>
      <criterion comment="Auto download actions of mime type is disabled" test_ref="test_firefox_preferences-auto-download_actions" />
    </criteria>
  </definition>

  <ind:textfilecontent54_test check="all" comment="Check for Auto download Actions installed" id="test_firefox_preferences-auto-download_actions" version="1">
    <ind:object object_ref="object_firefox_preferences-auto-download_actions" />
  </ind:textfilecontent54_test>
  <ind:textfilecontent54_object id="object_firefox_preferences-auto-download_actions" version="1">
    <ind:path operation="pattern match">^\/usr\/(|local\/)lib(|64)\/firefox</ind:path>
    <ind:filename operation="pattern match">^.*\.cfg$</ind:filename>
    <ind:pattern operation="pattern match">^lockPref\("browser.helperApps.alwaysAsk.force",[\s]+true\);$</ind:pattern>
    <ind:instance datatype="int">1</ind:instance>
  </ind:textfilecontent54_object>
</def-group>
