<def-group>
  <definition class="compliance" id="java_jre_deployment_config_mandatory" version="1">
    <metadata>
      <title>Configure The Java Deployment Mandatory Setting</title>
      <affected family="unix">
        <product>Java Runtime Environment</product>
      </affected>
      <description>The configuration file must contain proper keys and values to
      deploy settings correctly.</description>
    </metadata>
    <criteria>
      <criterion comment="Check deployment.system.config.mandatory" test_ref="test_java_jre_deployment_system_config_mandatory" />
    </criteria>
  </definition>

  <ind:textfilecontent54_test check="all" comment="Check deployment.system.config.mandatory" id="test_java_jre_deployment_system_config_mandatory" version="1">
    <ind:object object_ref="object_java_jre_deployment_system_config_mandatory" />
  </ind:textfilecontent54_test>
  <ind:textfilecontent54_object id="object_java_jre_deployment_system_config_mandatory" version="1">
    <ind:filepath>/etc/.java/deployment/deployment.config</ind:filepath>
    <ind:pattern operation="pattern match">^deployment.system.config.mandatory=false$</ind:pattern>
    <ind:instance datatype="int">1</ind:instance>
  </ind:textfilecontent54_object>
</def-group>
