<def-group>
  <definition class="compliance" id="java_jre_untrusted_sources_locked" version="1">
    <metadata>
      <title>Disable User Access to Untrusted Sources Setting</title>
      <affected family="unix">
        <product>Java Runtime Environment</product>
      </affected>
      <description>The dialog enabling users to grant permissions to execute signed
      content from an un-trusted authority must be locked.</description>
    </metadata>
    <criteria>
      <criterion comment="Check deployment.security.askgrantdialog.notinca.locked" test_ref="test_java_jre_untrusted_sources_locked" />
    </criteria>
  </definition>

  <ind:textfilecontent54_test check="all" comment="Check deployment.security.askgrantdialog.notinca.lock" id="test_java_jre_untrusted_sources_locked" version="1">
    <ind:object object_ref="object_java_jre_untrusted_sources_locked" />
  </ind:textfilecontent54_test>
  <ind:textfilecontent54_object id="object_java_jre_untrusted_sources_locked" version="1">
    <ind:filepath>/etc/.java/deployment/deployment.properties</ind:filepath>
    <ind:pattern operation="pattern match">^deployment.security.askgrantdialog.notinca.locked$</ind:pattern>
    <ind:instance datatype="int">1</ind:instance>
  </ind:textfilecontent54_object>
</def-group>
