<def-group>
  <definition class="compliance" id="java_jre_deployment_config_exists" version="1">
    <metadata>
      <title>The Java Configuration File Exists</title>
      <affected family="unix">
        <product>Java Runtime Environment</product>
      </affected>
      <description>A configuration file must be present to deploy properties for JRE.</description>
    </metadata>
    <criteria>
      <criterion comment="Check deployment.config file" test_ref="test_java_jre_deployment_config_exists" />
    </criteria>
  </definition>

  <unix:file_test check="all" comment="Check deployment.config file" id="test_java_jre_deployment_config_exists" version="1">
    <unix:object object_ref="object_java_jre_deployment_config_exists" />
  </unix:file_test>
  <unix:file_object id="object_java_jre_deployment_config_exists" version="1">
    <unix:filepath>/etc/.java/deployment/deployment.config</unix:filepath>
  </unix:file_object>
</def-group>
