<def-group>
 <definition class="compliance" id="accounts_password_pam_cracklib_maxrepeat" version="1">
    <metadata>
      <title>Set Password maxrepeat Requirements</title>
      <affected family="unix">
        <platform>CentOS 4</platform>
		<platform>CentOS 5</platform>
		<platform>Red Hat Enterprise Linux 4</platform>
		<platform>Red Hat Enterprise Linux 5</platform>
      </affected>
      <description>The password maxrepeat should meet minimum requirements using pam_cracklib</description>
    </metadata>
    <criteria operator="OR">
	  <extend_definition comment="CentOS 4 is installed" definition_ref="installed_OS_is_centos4" />
	  <extend_definition comment="RedHat 4 is installed" definition_ref="installed_OS_is_rhel4" />
      <criteria>
        <criterion comment="Conditions for maxrepeat are satisfied" test_ref="test_accounts_password_pam_cracklib_maxrepeat" />
        <extend_definition comment="global account settings configured" definition_ref="accounts_global_setting" />
      </criteria>
    </criteria>
  </definition>

  <ind:textfilecontent54_test check="all" comment="check the configuration of /etc/pam.d/system-auth" id="test_accounts_password_pam_cracklib_maxrepeat" version="1">
    <ind:object object_ref="object_accounts_password_pam_cracklib_maxrepeat" />
    <ind:state state_ref="state_accounts_password_pam_cracklib_maxrepeat" />
  </ind:textfilecontent54_test>
  <ind:textfilecontent54_object id="object_accounts_password_pam_cracklib_maxrepeat" version="1">
    <ind:path>/etc/pam.d</ind:path>
    <ind:filename>system-auth</ind:filename>
    <ind:pattern operation="pattern match">^password[\s]+(?:requisite|required)[\s]+(?:/lib/security/(?:\$ISA/)*)*pam_cracklib.so[\w_\.\-=\s]*[\s]+maxrepeat=(-?\d+)(?:[\s]|$)</ind:pattern>
    <ind:instance datatype="int" operation="greater than or equal">1</ind:instance>
  </ind:textfilecontent54_object>
  <ind:textfilecontent54_state id="state_accounts_password_pam_cracklib_maxrepeat" version="1">
    <ind:instance datatype="int">1</ind:instance>
    <ind:subexpression datatype="int" operation="greater than or equal" var_ref="var_password_pam_cracklib_maxrepeat" />
  </ind:textfilecontent54_state>

  <external_variable comment="External variable for pam_cracklib maxrepeat" datatype="int" id="var_password_pam_cracklib_maxrepeat" version="1" />

</def-group>
