<def-group>
  <definition class="compliance" id="audit_rules_kernel_module_loading" version="1">
    <metadata>
      <title>Audit Kernel Module Loading and Unloading</title>
      <affected family="unix">
        <platform>CentOS 4</platform>
		<platform>CentOS 5</platform>
		<platform>Red Hat Enterprise Linux 4</platform>
		<platform>Red Hat Enterprise Linux 5</platform>
      </affected>
      <description>The audit rules should be configured to log information about kernel module loading and unloading.</description>
    </metadata>
    <criteria operator="OR">
      <criteria>
        <criteria operator="OR">
	      <extend_definition comment="CentOS 4 is installed" definition_ref="installed_OS_is_centos4" />
	      <extend_definition comment="RedHat 4 is installed" definition_ref="installed_OS_is_rhel4" />
        </criteria>
        <criterion comment="audit insmod" test_ref="test_audit_rule_kernel_module_loading_insmod_el4" />
        <criterion comment="audit rmmod" test_ref="test_audit_rule_kernel_module_loading_rmmod_el4" />
        <criterion comment="audit rmmod" test_ref="test_audit_rule_kernel_module_loading_modprobe_el4" />
        <criterion comment="audit init_module" test_ref="test_audit_rule_kernel_module_loading_init_module_el4" />
        <criterion comment="audit delete_module" test_ref="test_audit_rule_kernel_module_loading_delete_module_el4" />
      </criteria>
      <criteria>
        <criteria operator="OR">
	      <extend_definition comment="CentOS 5 is installed" definition_ref="installed_OS_is_centos5" />
	      <extend_definition comment="RedHat 5 is installed" definition_ref="installed_OS_is_rhel5" />
        </criteria>
        <criterion comment="audit insmod" test_ref="test_audit_rule_kernel_module_loading_insmod_el5" />
        <criterion comment="audit rmmod" test_ref="test_audit_rule_kernel_module_loading_rmmod_el5" />
        <criterion comment="audit rmmod" test_ref="test_audit_rule_kernel_module_loading_modprobe_el5" />
        <criterion comment="audit init_module" test_ref="test_audit_rule_kernel_module_loading_init_module_el5" />
        <criterion comment="audit delete_module" test_ref="test_audit_rule_kernel_module_loading_delete_module_el5" />
      </criteria>
    </criteria>
  </definition>

  <ind:textfilecontent54_test check="all" comment="audit insmod" id="test_audit_rule_kernel_module_loading_insmod_el4" version="1">
    <ind:object object_ref="object_audit_rule_kernel_module_loading_insmod_el4" />
  </ind:textfilecontent54_test>
  <ind:textfilecontent54_object id="object_audit_rule_kernel_module_loading_insmod_el4" version="1">
    <ind:filepath>/etc/audit.rules</ind:filepath>
    <ind:pattern operation="pattern match">^\-w\s+/sbin/insmod\s+\-p\s+x</ind:pattern>
    <ind:instance datatype="int">1</ind:instance>
  </ind:textfilecontent54_object>

  <ind:textfilecontent54_test check="all" comment="audit rmmod" id="test_audit_rule_kernel_module_loading_rmmod_el4" version="1">
    <ind:object object_ref="object_audit_rule_kernel_module_loading_rmmod_el4" />
  </ind:textfilecontent54_test>
  <ind:textfilecontent54_object id="object_audit_rule_kernel_module_loading_rmmod_el4" version="1">
    <ind:filepath>/etc/audit.rules</ind:filepath>
    <ind:pattern operation="pattern match">^\-w\s+/sbin/rmmod\s+\-p\s+x</ind:pattern>
    <ind:instance datatype="int">1</ind:instance>
  </ind:textfilecontent54_object>

  <ind:textfilecontent54_test check="all" comment="audit modprobe" id="test_audit_rule_kernel_module_loading_modprobe_el4" version="1">
    <ind:object object_ref="object_audit_rule_kernel_module_loading_modprobe_el4" />
  </ind:textfilecontent54_test>
  <ind:textfilecontent54_object id="object_audit_rule_kernel_module_loading_modprobe_el4" version="1">
    <ind:filepath>/etc/audit.rules</ind:filepath>
    <ind:pattern operation="pattern match">^\-w\s+/sbin/modprobe\s+\-p\s+x</ind:pattern>
    <ind:instance datatype="int">1</ind:instance>
  </ind:textfilecontent54_object>

  <ind:textfilecontent54_test check="all" comment="audit init_module" id="test_audit_rule_kernel_module_loading_init_module_el4" version="1">
    <ind:object object_ref="object_audit_rule_kernel_module_loading_init_module_el4" />
  </ind:textfilecontent54_test>
  <ind:textfilecontent54_object id="object_audit_rule_kernel_module_loading_init_module_el4" version="1">
    <ind:filepath>/etc/audit.rules</ind:filepath>
    <ind:pattern operation="pattern match">^\-a\s+exit,always\s+(\-F\s+arch=(b64|b32)\s+)?\-S\s+init_module</ind:pattern>
    <ind:instance datatype="int">1</ind:instance>
  </ind:textfilecontent54_object>

  <ind:textfilecontent54_test check="all" comment="audit delete_module" id="test_audit_rule_kernel_module_loading_delete_module_el4" version="1">
    <ind:object object_ref="object_audit_rule_kernel_module_loading_delete_module_el4" />
  </ind:textfilecontent54_test>
  <ind:textfilecontent54_object id="object_audit_rule_kernel_module_loading_delete_module_el4" version="1">
    <ind:filepath>/etc/audit.rules</ind:filepath>
    <ind:pattern operation="pattern match">^\-a\s+exit,always\s+(\-F\s+arch=(b64|b32)\s+)?\-S\s+delete_module</ind:pattern>
    <ind:instance datatype="int">1</ind:instance>
  </ind:textfilecontent54_object>
  
  <ind:textfilecontent54_test check="all" comment="audit insmod" id="test_audit_rule_kernel_module_loading_insmod_el5" version="1">
    <ind:object object_ref="object_audit_rule_kernel_module_loading_insmod_el5" />
  </ind:textfilecontent54_test>
  <ind:textfilecontent54_object id="object_audit_rule_kernel_module_loading_insmod_el5" version="1">
    <ind:filepath>/etc/audit/audit.rules</ind:filepath>
    <ind:pattern operation="pattern match">^\-w\s+/sbin/insmod\s+\-p\s+x</ind:pattern>
    <ind:instance datatype="int">1</ind:instance>
  </ind:textfilecontent54_object>

  <ind:textfilecontent54_test check="all" comment="audit rmmod" id="test_audit_rule_kernel_module_loading_rmmod_el5" version="1">
    <ind:object object_ref="object_audit_rule_kernel_module_loading_rmmod_el5" />
  </ind:textfilecontent54_test>
  <ind:textfilecontent54_object id="object_audit_rule_kernel_module_loading_rmmod_el5" version="1">
    <ind:filepath>/etc/audit/audit.rules</ind:filepath>
    <ind:pattern operation="pattern match">^\-w\s+/sbin/rmmod\s+\-p\s+x</ind:pattern>
    <ind:instance datatype="int">1</ind:instance>
  </ind:textfilecontent54_object>

  <ind:textfilecontent54_test check="all" comment="audit modprobe" id="test_audit_rule_kernel_module_loading_modprobe_el5" version="1">
    <ind:object object_ref="object_audit_rule_kernel_module_loading_modprobe_el5" />
  </ind:textfilecontent54_test>
  <ind:textfilecontent54_object id="object_audit_rule_kernel_module_loading_modprobe_el5" version="1">
    <ind:filepath>/etc/audit/audit.rules</ind:filepath>
    <ind:pattern operation="pattern match">^\-w\s+/sbin/modprobe\s+\-p\s+x</ind:pattern>
    <ind:instance datatype="int">1</ind:instance>
  </ind:textfilecontent54_object>

  <ind:textfilecontent54_test check="all" comment="audit init_module" id="test_audit_rule_kernel_module_loading_init_module_el5" version="1">
    <ind:object object_ref="object_audit_rule_kernel_module_loading_init_module_el5" />
  </ind:textfilecontent54_test>
  <ind:textfilecontent54_object id="object_audit_rule_kernel_module_loading_init_module_el5" version="1">
    <ind:filepath>/etc/audit/audit.rules</ind:filepath>
    <ind:pattern operation="pattern match">^\-a\s+exit,always\s+(\-F\s+arch=(b64|b32)\s+)?\-S\s+init_module</ind:pattern>
    <ind:instance datatype="int">1</ind:instance>
  </ind:textfilecontent54_object>

  <ind:textfilecontent54_test check="all" comment="audit delete_module" id="test_audit_rule_kernel_module_loading_delete_module_el5" version="1">
    <ind:object object_ref="object_audit_rule_kernel_module_loading_delete_module_el5" />
  </ind:textfilecontent54_test>
  <ind:textfilecontent54_object id="object_audit_rule_kernel_module_loading_delete_module_el5" version="1">
    <ind:filepath>/etc/audit/audit.rules</ind:filepath>
    <ind:pattern operation="pattern match">^\-a\s+exit,always\s+(\-F\s+arch=(b64|b32)\s+)?\-S\s+delete_module</ind:pattern>
    <ind:instance datatype="int">1</ind:instance>
  </ind:textfilecontent54_object>

</def-group>
