<def-group>
  <definition class="compliance" id="audit_rules_dac_modification_lchown" version="1">
    <metadata>
      <title>Audit Discretionary Access Control Modification Events - lchown</title>
      <affected family="unix">
        <platform>CentOS 4</platform>
		<platform>CentOS 5</platform>
		<platform>Red Hat Enterprise Linux 4</platform>
		<platform>Red Hat Enterprise Linux 5</platform>
      </affected>
      <description>The changing of file permissions and attributes should be 
      audited.</description>
    </metadata>
    <criteria operator="OR">
      <criteria>
        <criteria operator="OR">
	      <extend_definition comment="CentOS 4 is installed" definition_ref="installed_OS_is_centos4" />
	      <extend_definition comment="RedHat 4 is installed" definition_ref="installed_OS_is_rhel4" />
        </criteria>
        <criteria operator="OR">
          <criteria>
            <extend_definition comment="32bit and ..." definition_ref="system_info_architecture_x86" />
		    <criterion comment="dac modification lchown" test_ref="test_audit_rules_dac_modification_lchown_el4" />
		    <criterion comment="dac modification lchown" test_ref="test_audit_rules_dac_modification_lchown32_el4" />
          </criteria>
          <criteria>
            <extend_definition comment="64bit and ..." definition_ref="system_info_architecture_x86_64" />
		    <criterion comment="dac modification lchown x32" test_ref="test_audit_rules_dac_modification_lchown_x64_el4" />
            <criterion comment="dac modification lchown x64" test_ref="test_audit_rules_dac_modification_lchown32_x64_el4" />
          </criteria>
        </criteria>
      </criteria>
      <criteria>
        <criteria operator="OR">
	      <extend_definition comment="CentOS 5 is installed" definition_ref="installed_OS_is_centos5" />
	      <extend_definition comment="RedHat 5 is installed" definition_ref="installed_OS_is_rhel5" />
        </criteria>
        <criteria operator="OR">
          <criteria>
            <extend_definition comment="32bit and ..." definition_ref="system_info_architecture_x86" />
		    <criterion comment="dac modification lchown" test_ref="test_audit_rules_dac_modification_lchown_el5" />
		    <criterion comment="dac modification lchown" test_ref="test_audit_rules_dac_modification_lchown32_el5" />
          </criteria>
          <criteria>
            <extend_definition comment="64bit and ..." definition_ref="system_info_architecture_x86_64" />
		    <criterion comment="dac modification lchown x32" test_ref="test_audit_rules_dac_modification_lchown_x64_el5" />
            <criterion comment="dac modification lchown x64" test_ref="test_audit_rules_dac_modification_lchown32_x64_el5" />
          </criteria>
        </criteria>
      </criteria>
    </criteria>
  </definition>

  <ind:textfilecontent54_test check="all" comment="dac modification lchown" id="test_audit_rules_dac_modification_lchown_el4" version="1">
    <ind:object object_ref="object_audit_rules_dac_modification_lchown_el4" />
  </ind:textfilecontent54_test>
  <ind:textfilecontent54_object id="object_audit_rules_dac_modification_lchown_el4" version="1">
    <ind:filepath>/etc/audit.rules</ind:filepath>
    <ind:pattern operation="pattern match">^[\s]*-a[\s]+exit,always[\s]+(?:.*-F[\s]+arch=b32[\s]+)(.*-S[\s]+lchown)(?:[\s]+|$)</ind:pattern>
    <ind:instance datatype="int">1</ind:instance>
  </ind:textfilecontent54_object>
  
  <ind:textfilecontent54_test check="all" comment="dac modification lchown32" id="test_audit_rules_dac_modification_lchown32_el4" version="1">
    <ind:object object_ref="object_audit_rules_dac_modification_lchown32_el4" />
  </ind:textfilecontent54_test>
  <ind:textfilecontent54_object id="object_audit_rules_dac_modification_lchown32_el4" version="1">
    <ind:filepath>/etc/audit.rules</ind:filepath>
    <ind:pattern operation="pattern match">^[\s]*-a[\s]+exit,always[\s]+(?:.*-F[\s]+arch=b32[\s]+)(.*-S[\s]+lchown32)(?:[\s]+|$)</ind:pattern>
    <ind:instance datatype="int">1</ind:instance>
  </ind:textfilecontent54_object>
  
  <ind:textfilecontent54_test check="all" comment="dac modification lchown x32" id="test_audit_rules_dac_modification_lchown_x64_el4" version="1">
    <ind:object object_ref="object_audit_rules_dac_modification_lchown_x64_el4" />
  </ind:textfilecontent54_test>
  <ind:textfilecontent54_object id="object_audit_rules_dac_modification_lchown_x64_el4" version="1">
    <ind:filepath>/etc/audit.rules</ind:filepath>
    <ind:pattern operation="pattern match">^[\s]*-a[\s]+exit,always[\s]+(?:.*-F[\s]+arch=b64[\s]+)(.*-S[\s]+lchown)(?:[\s]+|$)</ind:pattern>
    <ind:instance datatype="int">1</ind:instance>
  </ind:textfilecontent54_object>
  
  <ind:textfilecontent54_test check="all" comment="dac modification lchown x64" id="test_audit_rules_dac_modification_lchown32_x64_el4" version="1">
    <ind:object object_ref="object_audit_rules_dac_modification_lchown32_x64_el4" />
  </ind:textfilecontent54_test>
  <ind:textfilecontent54_object id="object_audit_rules_dac_modification_lchown32_x64_el4" version="1">
    <ind:filepath>/etc/audit.rules</ind:filepath>
    <ind:pattern operation="pattern match">^[\s]*-a[\s]+exit,always[\s]+(?:.*-F[\s]+arch=b64[\s]+)(.*-S[\s]+lchown32)(?:[\s]+|$)</ind:pattern>
    <ind:instance datatype="int">1</ind:instance>
  </ind:textfilecontent54_object>
  
  <ind:textfilecontent54_test check="all" comment="dac modification lchown" id="test_audit_rules_dac_modification_lchown_el5" version="1">
    <ind:object object_ref="object_audit_rules_dac_modification_lchown_el5" />
  </ind:textfilecontent54_test>
  <ind:textfilecontent54_object id="object_audit_rules_dac_modification_lchown_el5" version="1">
    <ind:filepath>/etc/audit/audit.rules</ind:filepath>
    <ind:pattern operation="pattern match">^[\s]*-a[\s]+exit,always[\s]+(?:.*-F[\s]+arch=b32[\s]+)(.*-S[\s]+lchown)(?:[\s]+|$)</ind:pattern>
    <ind:instance datatype="int">1</ind:instance>
  </ind:textfilecontent54_object>
  
  <ind:textfilecontent54_test check="all" comment="dac modification lchown32" id="test_audit_rules_dac_modification_lchown32_el5" version="1">
    <ind:object object_ref="object_audit_rules_dac_modification_lchown32_el5" />
  </ind:textfilecontent54_test>
  <ind:textfilecontent54_object id="object_audit_rules_dac_modification_lchown32_el5" version="1">
    <ind:filepath>/etc/audit/audit.rules</ind:filepath>
    <ind:pattern operation="pattern match">^[\s]*-a[\s]+exit,always[\s]+(?:.*-F[\s]+arch=b32[\s]+)(.*-S[\s]+lchown32)(?:[\s]+|$)</ind:pattern>
    <ind:instance datatype="int">1</ind:instance>
  </ind:textfilecontent54_object>
  
  <ind:textfilecontent54_test check="all" comment="dac modification lchown x32" id="test_audit_rules_dac_modification_lchown_x64_el5" version="1">
    <ind:object object_ref="object_audit_rules_dac_modification_lchown_x64_el5" />
  </ind:textfilecontent54_test>
  <ind:textfilecontent54_object id="object_audit_rules_dac_modification_lchown_x64_el5" version="1">
    <ind:filepath>/etc/audit/audit.rules</ind:filepath>
    <ind:pattern operation="pattern match">^[\s]*-a[\s]+exit,always[\s]+(?:.*-F[\s]+arch=b64[\s]+)(.*-S[\s]+lchown)(?:[\s]+|$)</ind:pattern>
    <ind:instance datatype="int">1</ind:instance>
  </ind:textfilecontent54_object>
  
  <ind:textfilecontent54_test check="all" comment="dac modification lchown x64" id="test_audit_rules_dac_modification_lchown32_x64_el5" version="1">
    <ind:object object_ref="object_audit_rules_dac_modification_lchown32_x64_el5" />
  </ind:textfilecontent54_test>
  <ind:textfilecontent54_object id="object_audit_rules_dac_modification_lchown32_x64_el5" version="1">
    <ind:filepath>/etc/audit/audit.rules</ind:filepath>
    <ind:pattern operation="pattern match">^[\s]*-a[\s]+exit,always[\s]+(?:.*-F[\s]+arch=b64[\s]+)(.*-S[\s]+lchown32)(?:[\s]+|$)</ind:pattern>
    <ind:instance datatype="int">1</ind:instance>
  </ind:textfilecontent54_object>
  
</def-group>
