<def-group>
  <definition class="compliance"
  id="audit_rules_time_clock_settime" version="2">
    <metadata>
      <title>Record Attempts to Alter Time Through Clock_settime</title>
      <affected family="unix">
        <platform>CentOS 4</platform>
        <platform>CentOS 5</platform>
        <platform>Red Hat Enterprise Linux 4</platform>
        <platform>Red Hat Enterprise Linux 5</platform>
      </affected>
      <description>Record attempts to alter time through clock_settime.
      </description>
    </metadata>
    <criteria operator="OR">
      <criteria>
        <criteria operator="OR">
	      <extend_definition comment="CentOS 4 is installed" definition_ref="installed_OS_is_centos4" />
	      <extend_definition comment="RedHat 4 is installed" definition_ref="installed_OS_is_rhel4" />
        </criteria>
        <criteria operator="OR">
          <criteria>
            <extend_definition comment="32bit and ..." definition_ref="system_info_architecture_x86" />
            <criterion comment="32bit line clock_settime and key present" test_ref="test_audit_rules_time_clock_settime_x86_el4" />
          </criteria>
          <criteria>
            <extend_definition comment="64bit and ..." definition_ref="system_info_architecture_x86_64" />
            <criterion comment="64bit line for clock_settime and key present" test_ref="test_audit_rules_time_clock_settime_x86_64_el4" />
          </criteria>
        </criteria>
      </criteria>
      <criteria>
        <criteria operator="OR">
	      <extend_definition comment="CentOS 5 is installed" definition_ref="installed_OS_is_centos5" />
	      <extend_definition comment="RedHat 5 is installed" definition_ref="installed_OS_is_rhel5" />
        </criteria>
        <criteria operator="OR">
          <criteria>
            <extend_definition comment="32bit and ..." definition_ref="system_info_architecture_x86" />
            <criterion comment="32bit line clock_settime and key present" test_ref="test_audit_rules_time_clock_settime_x86_el5" />
          </criteria>
          <criteria>
            <extend_definition comment="64bit and ..." definition_ref="system_info_architecture_x86_64" />
            <criterion comment="64bit line for clock_settime and key present" test_ref="test_audit_rules_time_clock_settime_x86_64_el5" />
          </criteria>
        </criteria>
      </criteria>
    </criteria>
  </definition>

  <ind:textfilecontent54_test check="all" check_existence="at_least_one_exists" comment="Tests the for presence of 32bit -S clock_settime and key" id="test_audit_rules_time_clock_settime_x86_el4" version="1">
    <ind:object object_ref="obj_audit_rules_time_clock_settime_x86_el4" />
  </ind:textfilecontent54_test>
  <ind:textfilecontent54_object id="obj_audit_rules_time_clock_settime_x86_el4" version="1">
    <!-- Standard location of 'audit.rules' file on RHEL-4 is '/etc/audit.rules' -->
    <ind:filepath>/etc/audit.rules</ind:filepath>
    <!-- The version of audit package on RHEL-4 doesn't support '-F a0=' argument yet.
         Therefore use simplified 'clock_settime' audit rule form below -->
    <ind:pattern operation="pattern match">^[\s]*-a[\s]+exit,always[\s]+-F[\s]+arch=b32.*-S[\s]+clock_settime</ind:pattern>
    <ind:instance datatype="int">1</ind:instance>
  </ind:textfilecontent54_object>

  <ind:textfilecontent54_test check="all" check_existence="at_least_one_exists" comment="Tests the for presence of 64bit -S clock_settime and key" id="test_audit_rules_time_clock_settime_x86_64_el4" version="1">
    <ind:object object_ref="obj_audit_rules_time_clock_settime_x86_64_el4" />
  </ind:textfilecontent54_test>
  <ind:textfilecontent54_object id="obj_audit_rules_time_clock_settime_x86_64_el4" version="1">
    <!-- Standard location of 'audit.rules' file on RHEL-4 is '/etc/audit.rules' -->
    <ind:filepath>/etc/audit.rules</ind:filepath>
    <!-- The version of audit package on RHEL-4 doesn't suppport '-F a0=' argument yet.
         Therefore use simplified 'clock_settime' audit rule form below -->
    <ind:pattern operation="pattern match">^[\s]*-a[\s]+exit,always[\s]+-F[\s]+arch=b64.*-S[\s]+clock_settime</ind:pattern>
    <ind:instance datatype="int">1</ind:instance>
  </ind:textfilecontent54_object>

  <ind:textfilecontent54_test check="all" check_existence="at_least_one_exists" comment="Tests the for presence of 32bit -S clock_settime and key" id="test_audit_rules_time_clock_settime_x86_el5" version="1">
    <ind:object object_ref="obj_audit_rules_time_clock_settime_x86_el5" />
  </ind:textfilecontent54_test>
  <ind:textfilecontent54_object id="obj_audit_rules_time_clock_settime_x86_el5" version="1">
    <!-- Standard location of 'audit.rules' file on RHEL-5 and above is '/etc/audit/audit.rules' -->
    <ind:filepath>/etc/audit/audit.rules</ind:filepath>
    <!-- The version of audit package on RHEL-5 already supports '-F a0=' argument. Therefore
         use more advanced 'clock_settime' audit rule version -->
    <ind:pattern 
    operation="pattern match">^[\s]*-a[\s]+always,exit[\s]+-F[\s]+arch=b32[\s]+-S[\s]+clock_settime[\s]+-F[\s]+a0=(?:0x)?0[\s]+(?:-F[\s]+key=|-k[\s]+)time-change[\s]*$</ind:pattern>
    <ind:instance datatype="int">1</ind:instance>
  </ind:textfilecontent54_object>

  <ind:textfilecontent54_test check="all" check_existence="at_least_one_exists" comment="Tests the for presence of 64bit -S clock_settime and key" id="test_audit_rules_time_clock_settime_x86_64_el5" version="1">
    <ind:object object_ref="obj_audit_rules_time_clock_settime_x86_64_el5" />
  </ind:textfilecontent54_test>
  <ind:textfilecontent54_object id="obj_audit_rules_time_clock_settime_x86_64_el5" version="1">
    <!-- Standard location of 'audit.rules' file on RHEL-5 and above is '/etc/audit/audit.rules' -->
    <ind:filepath>/etc/audit/audit.rules</ind:filepath>
    <!-- The version of audit package on RHEL-5 already supports '-F a0=' argument. Therefore
         use more advanced 'clock_settime' audit rule version -->
    <ind:pattern 
    operation="pattern match">^[\s]*-a[\s]+always,exit[\s]+-F[\s]+arch=b64[\s]+-S[\s]+clock_settime[\s]+-F[\s]+a0=(?:0x)?0[\s]+(?:-F[\s]+key=|-k[\s]+)time-change[\s]*$</ind:pattern>
    <ind:instance datatype="int">1</ind:instance>
  </ind:textfilecontent54_object>

</def-group>
