<def-group>
  <definition class="compliance" id="file_groupowner_aliases_files" version="1">
    <metadata>
      <title>Files Referenced In /etc/aliases Group Owner</title>
      <affected family="unix">
        <platform>CentOS 4</platform>
		<platform>CentOS 5</platform>
		<platform>Red Hat Enterprise Linux 4</platform>
		<platform>Red Hat Enterprise Linux 5</platform>
      </affected>
      <description>Group owner for files referenced in /etc/aliases must be root.</description>
    </metadata>
    <criteria>
      <criterion test_ref="test_file_groupowner_aliases_files" />
    </criteria>
  </definition>
  
  <unix:file_test check="all" check_existence="any_exist" comment="Testing files referenced in /etc/aliases group owner" id="test_file_groupowner_aliases_files" version="1">
    <unix:object object_ref="object_file_groupowner_aliases_files" />
    <unix:state state_ref="state_file_groupowner_aliases_files" />
  </unix:file_test>
  <unix:file_object comment="List of files referenced in /etc/aliases" id="object_file_groupowner_aliases_files" version="1">
    <unix:filepath var_ref="var_file_groupowner_aliases_files_list" var_check="at least one" />
  </unix:file_object>
  <unix:file_state id="state_file_groupowner_aliases_files" version="1">
    <unix:group_id datatype="int">0</unix:group_id>
  </unix:file_state>

  <local_variable id="var_file_groupowner_aliases_files_list" comment="List of files referenced in /etc/aliases" datatype="string" version="1">
		<object_component item_field="subexpression" object_ref="object_file_groupowner_aliases_files_list" />
  </local_variable>
  <ind:textfilecontent54_object id="object_file_groupowner_aliases_files_list" version="1">
    <ind:filepath>/etc/aliases</ind:filepath>
    <ind:pattern operation="pattern match">^[^#].*\s(/.*)</ind:pattern>
    <ind:instance operation="greater than or equal" datatype="int">1</ind:instance>
  </ind:textfilecontent54_object>
  
</def-group>
