<Group id="network-ipsec">
<title>IPSec Support</title>
<description>Support for Internet Protocol Security (IPsec)
is provided in Fedora with Libreswan.
</description>

<Rule id="package_libreswan_installed" severity="medium">
<title>Install libreswan Package</title>
<description>The Libreswan package provides an implementation of IPsec
and IKE, which permits the creation of secure tunnels over
untrusted networks. <dnf-macro install="true" package="libreswan"/> 
</description>
<ocil clause="the package is not installed" >
<package-check-macro package="libreswan" />
</ocil>
<rationale>Providing the ability for remote users or systems
to initiate a secure VPN connection protects information when it is
transmitted over a wide area network.
</rationale>
<oval id="package_libreswan_installed" />
<ref nist="AC-17, MA-4, SC-9" disa="1130,1131" pcidss="Req-4.1" />
</Rule>

<Rule id="libreswan_approved_tunnels" severity="medium">
<title>Verify Any Configured IPSec Tunnel Connections</title>
<description>Libreswan provides an implementation of IPsec
and IKE, which permits the creation of secure tunnels over
untrusted networks. As such, IPsec can be used to circumvent certain
network requirements such as filtering. Verify that if any IPsec connection
(<tt>conn</tt>) configured in <tt>/etc/ipsec.conf</tt> and <tt>/etc/ipsec.d</tt>
exists is an approved organizational connection.
</description>
<ocil clause="the IPSec tunnels are not approved" >
To check for configured IPsec connections (<tt>conn</tt>), perform the following:
<pre>grep -rni conn /etc/ipsec.conf /etc/ipsec.d/</pre>
Verify any returned results for organizational approval.
</ocil>
<rationale>
IP tunneling mechanisms can be used to bypass network filtering.
</rationale>
<!--oval id="libreswan_approved_tunnels" /-->
<ref nist="AC-4" disa="336" ossrg="SRG-OS-000480-GPOS-00227" stigid="040830" />
</Rule>

</Group>
