<?xml version="1.0" encoding="UTF-8"?>
<cpe-list xmlns="http://cpe.mitre.org/dictionary/2.0"
          xmlns:xsi="http://www.w3.org/2001/XMLSchema-instance"
          xsi:schemaLocation="http://cpe.mitre.org/dictionary/2.0 http://cpe.mitre.org/files/cpe-dictionary_2.1.xsd">
      <cpe-item name="cpe:/o:novell:leap:42.0">
            <title xml:lang="en-us">OpenSUSE 42.0</title>
            <!-- the check references an OVAL file that contains an inventory definition -->
            <check system="http://oval.mitre.org/XMLSchema/oval-definitions-5" href="filename">installed_OS_is_opensuse</check>
      </cpe-item>
      <cpe-item name="cpe:/o:novell:leap:42.1">
            <title xml:lang="en-us">OpenSUSE 42.1</title>
            <!-- the check references an OVAL file that contains an inventory definition -->
            <check system="http://oval.mitre.org/XMLSchema/oval-definitions-5" href="filename">installed_OS_is_opensuse</check>
      </cpe-item>
</cpe-list>
