<Group id="nist_support" hidden="true">
<title>Documentation to Support NIST 800-53 Mapping</title>
<description>These groups exist to document how the Red Hat Enterprise Linux
product meets (or does not meet) requirements listed in NIST 800-53, for
those cases where Groups or Rules elsewhere in scap-security-guide do
not clearly relate.
</description>

<Rule id="nist_procedural_requirement">
<title>Procedural Requirement</title>
<rationale>This requirement is procedural, and can not be met through
automated means.</rationale>
<ocil>TBD</ocil>
<description>This requirement is procedural, and can not be met
through automated means.</description>
<ref nist="AC-1,AC-2(a),AC-2(b),AC-2(c),AC-2(d),AC-2(e),AC-2(f),AC-2(g),AC-2(h),AC-2(i),AC-2(j),AC-2(7)(a),AC-5,AC-6(1),AC-8(b),AC-11(b),AC-17(a),AC-17(b),AC-17(4),AC-17(5),AC-17(6),AC-19(b),AC-19(1),AC-19(2),AC-19(3),AC-19(4)(a),AC-19(4)(b),AC-20(a),AC-20(b),AC-20(1)(a),AC-20(1)(b),AC-20(2),AC-21(a),AC-21(b),AC-22(a),AC-22(b),AC-22(c),AC-22(d),AC-22(e),AU-2(b),AU-6(a),AU-6(b),AU-6(3),CA-1(a),CA-1(b),CA-2(a),CA-2(b),CA-2(c),CA-2(d),CA-2(1),CA-2(2),CA-3(a),CA-3(b),CA-3(1),CA-3(2),CA-5(a),CA-5(b),CA-6(a),CA-6(b),CA-6(c),CM-3(a),CM-3(b),CM-3(c),CM-3(d),CM-3(e),CM-3(f),CM-3(4),CM-7(3),IA-1(a),IA-1(b)" />
</Rule>

<Rule id="nist_not_OS_applicable">
<title>Not Applicable to Operating System</title>
<rationale>This requirement is not applicable to an operating system.</rationale>
<description>While this requirement is applicable at an information system level, implementation
is not performed within the Operating System.</description>
<ref nist="AC-2(1),AC-7(a),PM-11,PM-10,PM-9,PM-8,PM-7,PM-6,PM-5,PM-4,PM-3,PM-2,PM-1,AC-17(3),AC-18(a),AC-18(b),AC-18(5),AC-21(1),CP-10(2),AT-1(a),AT-1(b),AT-2,AT-3,AT-3(2),AT-4(a),AT-4(b),AT-2,AT-2(1),AT-3,AT-3(1),AT-3(2),AT-5,AU-1(a),AU-1(b),AU-2(3),AU-6(1),AU-6(3),AU-7,AU-7(1),CA-7(a),CA-7(b),CA-7(c),CA-7(d),CA-7(1),CA-7(2),CM-1(a),CM-1(b),CM-2,CM-2(1)(a),CM-2(1)(b),CM-2(1)(c),CM-2(2),CM-2(5)(a),CM-2(5)(b),CM-3(2),CM-4,CM-4(2),CM-5,CM-5(2),CM-5(5)(b),CM-6(a),CM-6(b),CM-6(c),CM-6(1),CM-7(1),CM-8(a),CM-8(b),CM-8(c),CM-8(d),CM-8(e),CM-8(1),CM-8(4),CM-8(5),CM-8(6),CM-9(a),CM-9(b),CM-9(c),CP-1(a),CP-1(b),CP-2(a),CP-2(b),CP-2(c),CP-2(d),CP-2(e),CP-2(f),CP-2(1),CP-2(2),CP-3,CP-4(a),CP-4(b),CP-4(1),CP-6,CP-6(1),CP-6(2),CP-7(a),CP-7(b),CP-7(1),CP-7(2),CP-7(3),CP-7(5),CP-8,CP-(8)(1)(a),CP-8(1)(b),CP-8(2),CP-9(a),CP-9(b),CP-9(c),CP-9(d),CP-9(1),CP-9(3),CP-10,CP-10(2),CP-10(3),IA-4(a),IA-4(b),IA-4(c),IA-4(d),IA-4(e),IA-4(4),IA-5(a),IA-5(d),IA-5(3),IA-5(6),IA-5(7),IR-1(a),IR-1(b),IR-2(a),IR-2(b),IR-3,IR-4(a),IR-4(b),IR-4(c),IR-4(1),IR-6,IR-7,IR-7(1),IR-7(2),IR-8(a),IR-8(b),IR-8(c),IR-8(d),IR-8(e),MA-1(a),MA-2(a),MA-2(b),MA-2(c),MA-2(d),MA-2(e),MA-2(1),MA-3,MA-3(1),MA-3(2),MA-3(3),MA-4(a),MA-4(b),SI-1(a),SI-1(b),SI-2(a),SI-2(b),SI-2(c),SI-3(a),SI-3(b),SI-3(c),SI-3(d),SI-3(1),SI-1(2),SI-1(3),SI-4(a),SI-4(b),SI-4(c),SI-4(d),SI-4(e),SI-4(2),SI-4(4),SI-4(5),SI-4(6),SI-5(a),SI-5(b),SI-5(c),SI-5(d)" />
</Rule>

<Rule id="nist_met_inherently">
<title>Product Meets this Requirement</title>
<rationale>
Red Hat Enterprise Linux meets this requirement through design and implementation.
</rationale>
<ocil>RHEL6 supports this requirement and cannot be configured to be out of
compliance. This is a permanent not a finding.
</ocil>
<description>
This requirement is permanent not a finding. No fix is required.
</description>
<ref nist="AC-3(4),AC-14(a),AC-14(b),AC-14(1),AC-17(c),AC-17(d),AC-17(e),AC-18(b),AC-18(c),AC-18(4),AC-19(c),AC-19(f),AC-19(g),AU-3,AU-8,AU-9(4)(b),AU-12(b),CM-8(3)(a),IA-2,IA-5(e),IA-6,IA-8" />
</Rule>

<Rule id="apply_to_everything">
<title>Requirement Applies to All Rules</title>
<rationale>The following requirements apply to all rules</rationale>
<description>These are generic NIST requirements, and apply to all rules</description>
<ref nist="CM-6(a)" />
</Rule>

<Rule id="not_cds">
<title>Requirement not applicable to non-CDS systems</title>
<rationale>Full compliance with this requirement would require
deployment of MLS SELinux policy. Cross domain systems are out of
scope for this guide.</rationale>
<description>Implimentation of this requirement is not applicable
for a general purpose deployment</description>
<ref nist="" />
</Rule>

</Group>
