<def-group>
  <definition version="1" class="compliance"
  id="jboss_eap_configure_credential_caching">
    <metadata>
      <title>Configure User Credential Caching</title>
      <description>Security domains in use must use DefaultCacheTimeout less than or equal to 1800 seconds.</description>
    </metadata>
    <criteria>
      <criterion test_ref="test_configure_credential_caching"/>
    </criteria>
  </definition>

  <ind:xmlfilecontent_test check="all" id="test_configure_credential_caching" version="1" comment="DefaultCacheTimeoutSetProperly">
    <ind:object object_ref="obj_configure_credential_caching"/>
    <ind:state state_ref="state_configure_credential_caching"/>
  </ind:xmlfilecontent_test>
  <ind:xmlfilecontent_object id="obj_configure_credential_caching" version="1">
    <ind:path var_ref="local_var_credential_caching_conf"/>
    <ind:filename>jboss-service.xml</ind:filename>
    <ind:xpath>/server/mbean[@code='org.jboss.security.plugins.JaasSecurityManagerService'and@name='jboss.security:service=JaasSecurityManager']/attribute[@name='DefaultCacheTimeout']/text()</ind:xpath>
  </ind:xmlfilecontent_object>
  <ind:xmlfilecontent_state id="state_configure_credential_caching" version="1">
    <ind:value_of datatype="string">1800</ind:value_of><!--PossiblyuseRegexCaptureFunctionTypetosearchfor1800orlessinthestring-->
  </ind:xmlfilecontent_state>

  <local_variable id="local_var_credential_caching_conf" version="1" datatype="string" comment="configuration location">
    <concat>
      <object_component object_ref="env_credential_caching_jboss_home" item_field="value"/>
      <literal_component>/server/</literal_component>
      <variable_component var_ref="const_var_credential_caching_profile"/>
      <literal_component>/conf</literal_component>
    </concat>
  </local_variable>

  <constant_variable comment="JBoss production profile" datatype="string" version="1"
  id="const_var_credential_caching_profile">
    <value>production</value>
  </constant_variable>

  <ind:environmentvariable58_object id="env_credential_caching_jboss_home" version="1">
    <ind:pid xsi:nil="true" datatype="int" />
    <ind:name>JBOSS_HOME</ind:name>
  </ind:environmentvariable58_object>

</def-group>
