<def-group>
  <definition version="1" class="compliance" id="jboss_eap_remove_hsqldb_domain">
    <metadata>
      <title>Remove the HSQLDB Security Domain</title>
      <description>The security domain for HSQLDB should be removed.</description>
    </metadata>
    <criteria operator="AND">
      <criterion test_ref="test_remove_hsqldb_domain"/>
    </criteria>
  </definition>

  <ind:xmlfilecontent_test check="all" id="test_remove_hsqldb_domain" version="1" comment="HSQLDB Security Domain must be removed">
    <ind:object object_ref="obj_remove_hsqldb_domain"/>
    <ind:state state_ref="state_remove_hsqldb_domain"/>
  </ind:xmlfilecontent_test>
  <ind:xmlfilecontent_object id="obj_remove_hsqldb_domain" version="1">
    <ind:path var_ref="local_var_hsqldb_domain_location"/>
    <ind:filename>login-config.xml</ind:filename>
    <ind:xpath>boolean(/policy/application-policy[@name="HsqlDbRealm"]/@name)</ind:xpath>
  </ind:xmlfilecontent_object>
  <ind:xmlfilecontent_state id="state_remove_hsqldb_domain" version="1">
    <ind:value_of datatype="string">false</ind:value_of>
  </ind:xmlfilecontent_state>

  <local_variable id="local_var_hsqldb_domain_location" version="1" datatype="string" comment="configuration location">
    <concat>
      <object_component object_ref="env_hsqldb_domain_jboss_home" item_field="value"/>
      <literal_component>/server/</literal_component>
      <variable_component var_ref="const_var_hsqldb_domain_profile"/>
      <literal_component>/conf</literal_component>
    </concat>
  </local_variable>

  <constant_variable comment="JBoss production profile" datatype="string" version="1" id="const_var_hsqldb_domain_profile">
    <value>production</value>
  </constant_variable>

  <ind:environmentvariable58_object id="env_hsqldb_domain_jboss_home" version="1">
    <ind:pid xsi:nil="true" datatype="int" />
    <ind:name>JBOSS_HOME</ind:name>
  </ind:environmentvariable58_object>

</def-group>
