<Profile id="common">
<title>Common Profile for General-Purpose JBoss Systems</title>
<description>This profile contains items common to general-purpose JBoss Fuse installations.</description>

<!-- Apache ActiveMQ settings -->
<select idref="jboss_activemq-default_users_removed" selected="true"/>
<select idref="jboss_activemq-default_roles_removed" selected="true"/>
<select idref="jboss_activemq-java_aaa_service" selected="true"/>
<select idref="jboss_activemq-cleartext_passwords" selected="true"/>
<select idref="jboss_activemq-security_config_attributes" selected="true"/>
<select idref="jboss_activemq-ssl_enabled" selected="true"/>
<select idref="jboss_activemq-encrypted_passwords" selected="true"/>
<select idref="jboss_activemq-pki_web_console" selected="true"/>
<select idref="jboss_activemq-pki_dod_certificates" selected="true"/>
<select idref="jboss_activemq-file_permissions" selected="true"/>

<!-- Apache Karaf settings -->
<select idref="jboss_karaf-physical_protections" selected="true"/>
<select idref="jboss_karaf-assign_administator" selected="true"/>
<select idref="jboss_karaf-incident_response" selected="true"/>
<select idref="jboss_karaf-incident_response_exercises" selected="true"/>
<select idref="jboss_karaf-disaster_recovery" selected="true"/>
<select idref="jboss_karaf-disaster_recovery_exerises" selected="true"/>
<select idref="jboss_karaf-application_data_flow_docs" selected="true"/>
<select idref="jboss_karaf-deployed_apps-java_perm_docs" selected="true"/>
<select idref="jboss_karaf-backup_schedule" selected="true"/>
<select idref="jboss_karaf-auditing_policy" selected="true"/>
<select idref="jboss_karaf-access_control_docs" selected="true"/>
<select idref="jboss_karaf-password_length_policy" selected="true"/>
<select idref="jboss_karaf-password_complexity_policy" selected="true"/>
<select idref="jboss_karaf-password_expiration_policy" selected="true"/>
<select idref="jboss_karaf-vender_supported_version" selected="true"/>
<select idref="jboss_karaf-java_vendor_supported" selected="true"/>
<select idref="jboss_karaf-downloaded_software_valid" selected="true"/>
<select idref="jboss_karaf-disable_hot_deployment" selected="true"/>
<select idref="jboss_karaf-remove_default_users" selected="true"/>
<select idref="jboss_karaf-remove_default_roles" selected="true"/>
<select idref="jboss_karaf-secure_java_security_manager" selected="true"/>
<select idref="jboss_karaf-deployed_java_file_permissions" selected="true"/>
<select idref="jboss_karaf-deployed_java_network_permissions" selected="true"/>
<select idref="jboss_karaf-deployed_runtime_permissions" selected="true"/>
<select idref="jboss_karaf-deployed_socket_permissions" selected="true"/>
<select idref="jboss_karaf-deployed_permissions" selected="true"/>
<select idref="jboss_karaf-java_aaa_service" selected="true"/>
<select idref="jboss_karaf-dod_hardware_pki_token" selected="true"/>
<select idref="jboss_karaf-enable_fips_modules" selected="true"/>
<select idref="jboss_karaf-remove_cleartext_passwords" selected="true"/>
<select idref="jboss_karaf-process_owner_permissions" selected="true"/>
<select idref="jboss_karaf-process_owner_console_access" selected="true"/>
<select idref="jboss_karaf-files_ownership" selected="true"/>
<select idref="jboss_karaf-file_permissions" selected="true"/>
<select idref="jboss_karaf-secure_remote_access" selected="true"/>
<select idref="jboss_karaf-secure_web_console" selected="true"/>
<select idref="jboss_karaf-secure_jmx_access" selected="true"/>
<select idref="jboss_karaf-enable_encrypted_passwords" selected="true"/>
<select idref="jboss_karaf-security_config_attributes" selected="true"/>
<select idref="jboss_karaf-pki_assocation_permission" selected="true"/>
<select idref="jboss_karaf-enable_ssl" selected="true"/>
<select idref="jboss_karaf-enable_secure_connections" selected="true"/>
<select idref="jboss_karaf-reduce_logging" selected="true"/>
<select idref="jboss_karaf-log_retention" selected="true"/>
<select idref="jboss_karaf-system_admin_access" selected="true"/>
<select idref="jboss_karaf-non-essential_bundles_features" selected="true"/>
<select idref="jboss_karaf-disable_services_ports" selected="true"/>
<select idref="jboss_karaf-stored_passwords_encrypted" selected="true"/>
<select idref="jboss_karaf-enable_ldap_ssl" selected="true"/>
<select idref="jboss_karaf-enable_fips_authentication" selected="true"/>
<select idref="jboss_karaf-dod_cns_certificates" selected="true"/>
<select idref="jboss_karaf-ldap_securely_fail" selected="true"/>
<select idref="jboss_karaf-secure_logging" selected="true"/>
<select idref="jboss_karaf-logging_access" selected="true"/>
<select idref="jboss_karaf-enable_pki_web_console" selected="true"/>
<select idref="jboss_karaf-valid_dod_certificates" selected="true"/>
<select idref="jboss_karaf-config_file_permissions" selected="true"/>

</Profile>
