<def-group>
  <definition class="inventory" id="installed_app_is_fuse6" version="1">
    <metadata>
      <title>JBoss Fuse 6</title>
      <affected family="unix">
        <platform>JBoss Fuse 6</platform>
      </affected>
      <reference ref_id="cpe:/a:redhat:jboss_fuse:6.0" source="CPE" />
      <description>The application installed is Fuse 6.</description>
    </metadata>
    <criteria>
      <criterion test_ref="test_installed_app_is_fuse6" />
    </criteria>
  </definition>

  <ind:environmentvariable58_object id="obj_env_fuse_installed_app_home" version="1">
    <ind:pid xsi:nil="true" datatype="int" />
    <ind:name>FUSE_HOME</ind:name>
  </ind:environmentvariable58_object>

  <local_variable id="local_var_installed_app_is_fuse6" version="1" datatype="string" comment="log location">
    <concat>
      <object_component object_ref="obj_env_fuse_installed_app_home" item_field="value" />
      <literal_component>/etc</literal_component>
    </concat>
  </local_variable>

  <ind:textfilecontent54_test id="test_installed_app_is_fuse6" version="1"
    check="all" check_existence="all_exist" comment="Check Fuse Version">
    <ind:object object_ref="obj_installed_app_is_fuse6" />
    <ind:state state_ref="state_installed_app_is_fuse6" />
  </ind:textfilecontent54_test>

  <ind:textfilecontent54_object id="obj_installed_app_is_fuse6" version="1">
    <ind:path var_ref="local_var_installed_app_is_fuse6" />
    <ind:filename>config.properties</ind:filename>
    <ind:pattern operation="pattern match">karaf\.framework\.felix=.*org\.apache\.felix\.framework-([0-9a-z\.-]{18})\.jar</ind:pattern>
    <ind:instance datatype="int">1</ind:instance>
  </ind:textfilecontent54_object>

  <ind:textfilecontent54_state id="state_installed_app_is_fuse6" version="1">
    <ind:subexpression>4.0.3.redhat-60024</ind:subexpression>
  </ind:textfilecontent54_state>

</def-group>
