<def-group>
  <definition class="compliance" id="jboss_karaf-vender_supported_version" version="1">
    <metadata>
      <title>JBoss Fuse 6</title>
      <affected family="unix">
        <platform>JBoss Fuse 6</platform>
      </affected>
      <description>Fuse 6 is a vendor supported version.</description>
    </metadata>
    <criteria>
      <criterion test_ref="test_vender_supported_version" />
    </criteria>
  </definition>

  <ind:textfilecontent54_test id="test_vender_supported_version" version="1"
    check="all" check_existence="all_exist" comment="Check Fuse Version">
    <ind:object object_ref="obj_vender_supported_version" />
    <ind:state state_ref="state_vender_supported_version" />
  </ind:textfilecontent54_test>
  <ind:environmentvariable58_object id="env_obj_fuse_home" version="1">
    <ind:pid xsi:nil="true" datatype="int" />
    <ind:name>FUSE_HOME</ind:name>
  </ind:environmentvariable58_object>

  <ind:textfilecontent54_object id="obj_vender_supported_version" version="1">
    <ind:path var_ref="local_var_vender_supported_version"/>
    <ind:filename>config.properties</ind:filename>
    <ind:pattern operation="pattern match">karaf\.framework\.felix=.*org\.apache\.felix\.framework-([0-9a-z\.-]{18})\.jar</ind:pattern>
    <ind:instance datatype="int">1</ind:instance>
  </ind:textfilecontent54_object>

  <ind:textfilecontent54_state id="state_vender_supported_version" version="1">
    <ind:subexpression>4.0.3.redhat-60024</ind:subexpression>
  </ind:textfilecontent54_state>

  <local_variable id="local_var_vender_supported_version" version="1" datatype="string" comment="log location">
    <concat>
      <object_component object_ref="env_obj_fuse_home" item_field="value" />
      <literal_component>/etc/</literal_component>
    </concat>
  </local_variable>

</def-group>
