<!--
This file is generated using the generate-contributors.py script. DO NOT MANUALLY EDIT!!!!
Last Modified: 2016-11-23 08:32
-->

<text>
<contributor>Gabe Alford &lt;redhatrises@gmail.com&gt;</contributor>
<contributor>Christopher Anderson &lt;cba@fedoraproject.org&gt;</contributor>
<contributor>Chuck Atkins &lt;chuck.atkins@kitware.com&gt;</contributor>
<contributor>Molly Jo Bault &lt;Molly.Jo.Bault@ballardtech.com&gt;</contributor>
<contributor>Joseph Bisch &lt;joseph.bisch@gmail.com&gt;</contributor>
<contributor>Jeffrey Blank &lt;blank@eclipse.ncsc.mil&gt;</contributor>
<contributor>Blake Burkhart &lt;blake.burkhart@us.af.mil&gt;</contributor>
<contributor>Patrick Callahan &lt;pmc@patrickcallahan.com&gt;</contributor>
<contributor>Nick Carboni &lt;ncarboni@redhat.com&gt;</contributor>
<contributor>Frank Caviggia &lt;fcaviggi@ra.iad.redhat.com&gt;</contributor>
<contributor>Eric Christensen &lt;echriste@redhat.com&gt;</contributor>
<contributor>Caleb Cooper &lt;coopercd@ornl.gov&gt;</contributor>
<contributor>Maura Dailey &lt;maura@eclipse.ncsc.mil&gt;</contributor>
<contributor>Klaas Demter &lt;demter@atix.de&gt;</contributor>
<contributor>Jean-Baptiste Donnette &lt;jean-baptiste.donnette@epita.fr&gt;</contributor>
<contributor>drax &lt;applezip@gmail.com&gt;</contributor>
<contributor>Greg Elin &lt;gregelin@gitmachines.com&gt;</contributor>
<contributor>Andrew Gilmore &lt;agilmore2@gmail.com&gt;</contributor>
<contributor>Joshua Glemza &lt;jglemza@nasa.gov&gt;</contributor>
<contributor>Steve Grubb &lt;sgrubb@redhat.com&gt;</contributor>
<contributor>Trey Henefield &lt;thenefield@gmail.com&gt;</contributor>
<contributor>Robin Price II &lt;robin@redhat.com&gt;</contributor>
<contributor>Jeremiah Jahn &lt;jeremiah@goodinassociates.com&gt;</contributor>
<contributor>Stephan Joerrens &lt;Stephan.Joerrens@fiduciagad.de&gt;</contributor>
<contributor>Yuli Khodorkovskiy &lt;ykhodorkovskiy@tresys.com&gt;</contributor>
<contributor>Luke Kordell &lt;luke.t.kordell@lmco.com&gt;</contributor>
<contributor>kspargur &lt;kspargur@kspargur.csb&gt;</contributor>
<contributor>Fen Labalme &lt;fen@civicactions.com&gt;</contributor>
<contributor>Jan Lieskovsky &lt;jlieskov@redhat.com&gt;</contributor>
<contributor>Šimon Lukašík &lt;slukasik@redhat.com&gt;</contributor>
<contributor>Jamie Lorwey Martin &lt;jlmartin@redhat.com&gt;</contributor>
<contributor>Michael McConachie &lt;michael@redhat.com&gt;</contributor>
<contributor>Rodney Mercer &lt;rmercer@harris.com&gt;</contributor>
<contributor>Brian Millett &lt;bmillett@gmail.com&gt;</contributor>
<contributor>mmosel &lt;mmosel@kde.example.com&gt;</contributor>
<contributor>Zbynek Moravec &lt;zmoravec@redhat.com&gt;</contributor>
<contributor>Kazuo Moriwaka &lt;moriwaka@users.noreply.github.com&gt;</contributor>
<contributor>Michael Moseley &lt;michael@eclipse.ncsc.mil&gt;</contributor>
<contributor>Joe Nall &lt;joe@nall.com&gt;</contributor>
<contributor>Michele Newman &lt;mnewman@redhat.com&gt;</contributor>
<contributor>Kaustubh Padegaonkar &lt;theTuxRacer@gmail.com&gt;</contributor>
<contributor>Michael Palmiotto &lt;mpalmiotto@tresys.com&gt;</contributor>
<contributor>pcactr &lt;paul.c.arnold4.ctr@mail.mil&gt;</contributor>
<contributor>Kenneth Peeples &lt;kennethwpeeples@gmail.com&gt;</contributor>
<contributor>Frank Lin PIAT &lt;fpiat@klabs.be&gt;</contributor>
<contributor>Martin Preisler &lt;mpreisle@redhat.com&gt;</contributor>
<contributor>T.O. Radzy Radzykewycz &lt;radzy@windriver.com&gt;</contributor>
<contributor>Rick Renshaw &lt;Richard_Renshaw@xtoenergy.com&gt;</contributor>
<contributor>Chris Reynolds &lt;c.reynolds82@gmail.com&gt;</contributor>
<contributor>Pat Riehecky &lt;riehecky@fnal.gov&gt;</contributor>
<contributor>Joshua Roys &lt;roysjosh@gmail.com&gt;</contributor>
<contributor>rrenshaw &lt;bofh69@yahoo.com&gt;</contributor>
<contributor>Ray Shaw (Cont ARL/CISD) rvshaw &lt;rvshaw@esme.arl.army.mil&gt;</contributor>
<contributor>Willy Santos &lt;wsantos@redhat.com&gt;</contributor>
<contributor>Gautam Satish &lt;gautams@hpe.com&gt;</contributor>
<contributor>Watson Sato &lt;wsato@redhat.com&gt;</contributor>
<contributor>Satoru SATOH &lt;satoru.satoh@gmail.com&gt;</contributor>
<contributor>Spencer Shimko &lt;sshimko@tresys.com&gt;</contributor>
<contributor>Francisco Slavin &lt;fslavin@tresys.com&gt;</contributor>
<contributor>David Smith &lt;dsmith@eclipse.ncsc.mil&gt;</contributor>
<contributor>Kevin Spargur &lt;kspargur@redhat.com&gt;</contributor>
<contributor>Kenneth Stailey &lt;kstailey.lists@gmail.com&gt;</contributor>
<contributor>Leland Steinke &lt;leland.j.steinke.ctr@mail.mil&gt;</contributor>
<contributor>Philippe Thierry &lt;phil@reseau-libre.net&gt;</contributor>
<contributor>Paul Tittle &lt;ptittle@cmf.nrl.navy.mil&gt;</contributor>
<contributor>Jeb Trayer &lt;jeb.d.trayer@uscg.mil&gt;</contributor>
<contributor>Shawn Wells &lt;shawn@redhat.com&gt;</contributor>
<contributor>Rob Wilmoth &lt;rwilmoth@redhat.com&gt;</contributor>
<contributor>Lucas Yamanishi &lt;lucas.yamanishi@onyxpoint.com&gt;</contributor>
<contributor>Kevin Zimmerman &lt;kevin.zimmerman@kitware.com&gt;</contributor>
<contributor>Jan Černý &lt;jcerny@redhat.com&gt;</contributor>
<contributor>Michal Šrubař &lt;msrubar@redhat.com&gt;</contributor>
</text>
