<?xml version="1.0" encoding="UTF-8"?>
<cpe-list xmlns="http://cpe.mitre.org/dictionary/2.0"
          xmlns:xsi="http://www.w3.org/2001/XMLSchema-instance"
          xsi:schemaLocation="http://cpe.mitre.org/dictionary/2.0 http://cpe.mitre.org/files/cpe-dictionary_2.1.xsd">
      <cpe-item name="cpe:/a:oracle:jre">
            <title xml:lang="en-us">Oracle's Java Runtime Environment</title>
            <check system="http://oval.mitre.org/XMLSchema/oval-definitions-5" href="filename">installed_app_is_java</check>
      </cpe-item>
      <cpe-item name="cpe:/a:ibm:jre">
            <title xml:lang="en-us">IBM Java Runtime Environment</title>
            <check system="http://oval.mitre.org/XMLSchema/oval-definitions-5" href="filename">installed_app_is_java</check>
      </cpe-item>
      <cpe-item name="cpe:/a:redhat:openjdk">
            <title xml:lang="en-us">OpenJDK Java Runtime Environment</title>
            <check system="http://oval.mitre.org/XMLSchema/oval-definitions-5" href="filename">installed_app_is_java</check>
      </cpe-item>
      <cpe-item name="cpe:/a:sun:jre">
            <title xml:lang="en-us">Sun Java Runtime Environment</title>
            <check system="http://oval.mitre.org/XMLSchema/oval-definitions-5" href="filename">installed_app_is_java</check>
      </cpe-item>
</cpe-list>
