<def-group>
  <definition class="compliance" id="chromium_block_desktop_notifications"  version="1">
    <metadata>
      <title>Block Desktop Notifications</title>
      <affected family="unix">
        <platform>Google Chromium Browser</platform>
      </affected>
      <description>Sites ability for showing desktop notifications must be disabled.</description>
    </metadata>
    <criteria>
      <criterion comment="Chromium block desktop notifications" test_ref="test_chromium_block_notifications" />
    </criteria>
  </definition>

  <ind:textfilecontent54_test check="all" comment="Chromium block desktop notifications" id="test_chromium_block_notifications" version="1">
    <ind:object object_ref="object_chromium_block_notifications" />
  </ind:textfilecontent54_test>
  <ind:textfilecontent54_object id="object_chromium_block_notifications" version="1">
    <ind:filepath operation="pattern match">/etc/chromium/policies/managed/.*\.json</ind:filepath>
    <ind:pattern operation="pattern match">^\{([^\n]*\n+)+[\s]+\"DefaultNotificationsSetting\"\:[\s]+2,</ind:pattern>
    <ind:instance datatype="int">1</ind:instance>
  </ind:textfilecontent54_object>
</def-group>
