<def-group>
  <definition class="compliance" id="chromium_enable_approved_plugins"  version="1">
    <metadata>
      <title>Enable Approved Plugins</title>
      <affected family="unix">
        <platform>Google Chromium Browser</platform>
      </affected>
      <description>Plugins approved for use must be enabled.</description>
    </metadata>
    <criteria>
      <criterion comment="Chromium enable approved plugins" test_ref="test_chromium_enable_approved_plugins" />
    </criteria>
  </definition>

  <ind:textfilecontent54_test check="all" comment="Chromium enable approved plugins" id="test_chromium_enable_approved_plugins" version="1">
    <ind:object object_ref="object_chromium_enable_approved_plugins" />
  </ind:textfilecontent54_test>
  <ind:textfilecontent54_object id="object_chromium_enable_approved_plugins" version="1">
    <ind:filepath operation="pattern match">/etc/chromium/policies/managed/.*\.json</ind:filepath>
    <ind:pattern operation="pattern match">^[\s]+\"EnabledPlugins\"\:[\s]+\[\"((none|[a-zA-Z]*)|!*)\"\],</ind:pattern>
    <ind:instance datatype="int">1</ind:instance>
  </ind:textfilecontent54_object>
</def-group>
