<def-group>
  <definition class="compliance" id="chromium_disable_incognito_mode"  version="1">
    <metadata>
      <title>Disable Incognito Mode</title>
      <affected family="unix">
        <platform>Google Chromium Browser</platform>
      </affected>
      <description>Incognito mode must be disabled.</description>
    </metadata>
    <criteria>
      <criterion comment="Chromium disable incognito mode" test_ref="test_chromium_disable_incognito_mode" />
    </criteria>
  </definition>

  <ind:textfilecontent54_test check="all" comment="Chromium disable incognito mode" id="test_chromium_disable_incognito_mode" version="1">
    <ind:object object_ref="object_chromium_disable_incognito_mode" />
  </ind:textfilecontent54_test>
  <ind:textfilecontent54_object id="object_chromium_disable_incognito_mode" version="1">
    <ind:filepath operation="pattern match">/etc/chromium/policies/managed/.*\.json</ind:filepath>
    <ind:pattern operation="pattern match">^\{([^\n]*\n+)+[\s]+\"IncognitoModeAvailability\"\:[\s]+1,</ind:pattern>
    <ind:instance datatype="int">1</ind:instance>
  </ind:textfilecontent54_object>
</def-group>
