<def-group>
  <definition class="compliance" id="chromium_disable_network_prediction"  version="1">
    <metadata>
      <title>Disable Network Prediction</title>
      <affected family="unix">
        <platform>Google Chromium Browser</platform>
      </affected>
      <description>Network prediction must be disabled.</description>
    </metadata>
    <criteria>
      <criterion comment="Chromium disable network prediction" test_ref="test_chromium_disable_network_prediction" />
    </criteria>
  </definition>

  <ind:textfilecontent54_test check="all" comment="Chromium disable network prediction" id="test_chromium_disable_network_prediction" version="1">
    <ind:object object_ref="object_chromium_disable_network_prediction" />
  </ind:textfilecontent54_test>
  <ind:textfilecontent54_object id="object_chromium_disable_network_prediction" version="1">
    <ind:filepath operation="pattern match">/etc/chromium/policies/managed/.*\.json</ind:filepath>
    <ind:pattern operation="pattern match">^\{([^\n]*\n+)+[\s]+\"DnsPrefetchingEnabled\"\:[\s]+false,</ind:pattern>
    <ind:instance datatype="int">1</ind:instance>
  </ind:textfilecontent54_object>
</def-group>
