<def-group>
  <definition class="compliance" id="chromium_policy_file"  version="1">
    <metadata>
      <title>Chromium Policy File Exists</title>
      <affected family="unix">
        <platform>Google Chromium Browser</platform>
      </affected>
      <description>The Chromium policy file must exist and be configured correctly.</description>
    </metadata>
    <criteria>
      <criterion comment="Chromium policy file" test_ref="test_chromium_policy_file" />
    </criteria>
  </definition>

  <ind:textfilecontent54_test check="all" comment="Chromium policy file" id="test_chromium_policy_file" version="1">
    <ind:object object_ref="object_chromium_policy_file" />
  </ind:textfilecontent54_test>
  <ind:textfilecontent54_object id="object_chromium_policy_file" version="1">
    <ind:filepath operation="pattern match">/etc/chromium/policies/managed/.*\.json</ind:filepath>
    <ind:pattern operation="pattern match">^\{([^\n]*\n+)+[\s]+\".*\"\:[\s]+.*,([^\n]*\n+)+\}</ind:pattern>
    <ind:instance datatype="int">1</ind:instance>
  </ind:textfilecontent54_object>
</def-group>
