<def-group>
  <definition class="compliance" id="chromium_disallow_location_tracking"  version="1">
    <metadata>
      <title>Disallow Location Tracking</title>
      <affected family="unix">
        <platform>Google Chromium Browser</platform>
      </affected>
      <description>Site tracking users location must be disabled.</description>
    </metadata>
    <criteria>
      <criterion comment="Chromium disallow location tracking" test_ref="test_chromium_location_tracking" />
    </criteria>
  </definition>

  <ind:textfilecontent54_test check="all" comment="Chromium disallow location tracking" id="test_chromium_location_tracking" version="1">
    <ind:object object_ref="object_chromium_location_tracking" />
  </ind:textfilecontent54_test>
  <ind:textfilecontent54_object id="object_chromium_location_tracking" version="1">
    <ind:filepath operation="pattern match">/etc/chromium/policies/managed/.*\.json</ind:filepath>
    <ind:pattern operation="pattern match">^\{([^\n]*\n+)+[\s]+\"DefaultGeolocationSetting\"\:[\s]+2,</ind:pattern>
    <ind:instance datatype="int">1</ind:instance>
  </ind:textfilecontent54_object>
</def-group>
