<def-group>
  <definition class="compliance" id="chromium_disable_popups"  version="1">
    <metadata>
      <title>Disable Pop-ups</title>
      <affected family="unix">
        <platform>Google Chromium Browser</platform>
      </affected>
      <description>Sites ability to show pop-ups must be disabled.</description>
    </metadata>
    <criteria>
      <criterion comment="Chromium disable pop-ups" test_ref="test_chromium_disable_popups" />
    </criteria>
  </definition>

  <ind:textfilecontent54_test check="all" comment="Chromium disable pop-ups" id="test_chromium_disable_popups" version="1">
    <ind:object object_ref="object_chromium_disable_popups" />
  </ind:textfilecontent54_test>
  <ind:textfilecontent54_object id="object_chromium_disable_popups" version="1">
    <ind:filepath operation="pattern match">/etc/chromium/policies/managed/.*\.json</ind:filepath>
    <ind:pattern operation="pattern match">^\{([^\n]*\n+)+[\s]+\"DefaultPopupsSetting\"\:[\s]+2,</ind:pattern>
    <ind:instance datatype="int">1</ind:instance>
  </ind:textfilecontent54_object>
</def-group>
