<def-group>
  <definition class="compliance" id="chromium_default_block_plugins"  version="1">
    <metadata>
      <title>Block Plugin Execution By Default</title>
      <affected family="unix">
        <platform>Google Chromium Browser</platform>
      </affected>
      <description>Default behavior must block webpages from automatically running plugins.</description>
    </metadata>
    <criteria>
      <criterion comment="Chromium block plugin execution" test_ref="test_chromium_default_block_plugins" />
    </criteria>
  </definition>

  <ind:textfilecontent54_test check="all" comment="Chromium block plugin execution" id="test_chromium_default_block_plugins" version="1">
    <ind:object object_ref="object_chromium_default_block_plugins" />
  </ind:textfilecontent54_test>
  <ind:textfilecontent54_object id="object_chromium_default_block_plugins" version="1">
    <ind:filepath operation="pattern match">/etc/chromium/policies/managed/.*\.json</ind:filepath>
    <ind:pattern operation="pattern match">^\{([^\n]*\n+)+[\s]+\"DefaultPluginsSetting\"\:[\s]+3,</ind:pattern>
    <ind:instance datatype="int">1</ind:instance>
  </ind:textfilecontent54_object>
</def-group>
