<def-group>
  <definition class="compliance" id="chromium_disable_automatic_installation"  version="1">
    <metadata>
      <title>Disable Automatic Plugin Search And Installation</title>
      <affected family="unix">
        <platform>Google Chromium Browser</platform>
      </affected>
      <description>Automated installation of missing plugins must be disabled.</description>
    </metadata>
    <criteria>
      <criterion comment="Chromium disable automatic plugin search and installation" test_ref="test_chromium_disable_automatic_installation" />
    </criteria>
  </definition>

  <ind:textfilecontent54_test check="all" comment="Chromium disable automatic plugin search and installation" id="test_chromium_disable_automatic_installation" version="1">
    <ind:object object_ref="object_chromium_disable_automatic_installation" />
  </ind:textfilecontent54_test>
  <ind:textfilecontent54_object id="object_chromium_disable_automatic_installation" version="1">
    <ind:filepath operation="pattern match">/etc/chromium/policies/managed/.*\.json</ind:filepath>
    <ind:pattern operation="pattern match">^\{([^\n]*\n+)+[\s]+\"DisablePluginFinder\"\:[\s]+true,</ind:pattern>
    <ind:instance datatype="int">1</ind:instance>
  </ind:textfilecontent54_object>
</def-group>
