<def-group>
  <definition class="compliance" id="chromium_plugins_require_authorization"  version="1">
    <metadata>
      <title>Plugins Require Authentication</title>
      <affected family="unix">
        <platform>Google Chromium Browser</platform>
      </affected>
      <description>Plugins requiring authorization must ask for user permission.</description>
    </metadata>
    <criteria>
      <criterion comment="Chromium require plugin authorization" test_ref="test_chromium_plugins_require_authorization" />
    </criteria>
  </definition>

  <ind:textfilecontent54_test check="all" comment="Chromium require plugin authorization" id="test_chromium_plugins_require_authorization" version="1">
    <ind:object object_ref="object_chromium_plugins_require_authorization" />
  </ind:textfilecontent54_test>
  <ind:textfilecontent54_object id="object_chromium_plugins_require_authorization" version="1">
    <ind:filepath operation="pattern match">/etc/chromium/policies/managed/.*\.json</ind:filepath>
    <ind:pattern operation="pattern match">^\{([^\n]*\n+)+[\s]+\"AlwaysAuthorizePlugins\"\:[\s]+false,</ind:pattern>
    <ind:instance datatype="int">1</ind:instance>
  </ind:textfilecontent54_object>
</def-group>
