<def-group>
  <definition class="compliance" id="chromium_enable_safe_browsing"  version="1">
    <metadata>
      <title>Enable Safe Browsing</title>
      <affected family="unix">
        <platform>Google Chromium Browser</platform>
      </affected>
      <description>Safe Browsing must be enabled.</description>
    </metadata>
    <criteria>
      <criterion comment="Chromiumi enable safe browsing" test_ref="test_chromium_enable_safe_browsing" />
    </criteria>
  </definition>

  <ind:textfilecontent54_test check="all" comment="Chromiumi enable safe browsing" id="test_chromium_enable_safe_browsing" version="1">
    <ind:object object_ref="object_chromium_enable_safe_browsing" />
  </ind:textfilecontent54_test>
  <ind:textfilecontent54_object id="object_chromium_enable_safe_browsing" version="1">
    <ind:filepath operation="pattern match">/etc/chromium/policies/managed/.*\.json</ind:filepath>
    <ind:pattern operation="pattern match">^\{([^\n]*\n+)+[\s]+\"SafeBrowsingEnabled\"\:[\s]+true,</ind:pattern>
    <ind:instance datatype="int">1</ind:instance>
  </ind:textfilecontent54_object>
</def-group>
