<def-group>
  <definition class="compliance" id="chromium_check_cert_revocation"  version="1">
    <metadata>
      <title>Check Certificate Revocation</title>
      <affected family="unix">
        <platform>Google Chromium Browser</platform>
      </affected>
      <description>Online revocation checks must be done.</description>
    </metadata>
    <criteria>
      <criterion comment="Chromium check certificate revocation" test_ref="test_chromium_check_cert_revocation" />
    </criteria>
  </definition>

  <ind:textfilecontent54_test check="all" comment="Chromium check certificate revocation" id="test_chromium_check_cert_revocation" version="1">
    <ind:object object_ref="object_chromium_check_cert_revocation" />
  </ind:textfilecontent54_test>
  <ind:textfilecontent54_object id="object_chromium_check_cert_revocation" version="1">
    <ind:filepath operation="pattern match">/etc/chromium/policies/managed/.*\.json</ind:filepath>
    <ind:pattern operation="pattern match">^\{([^\n]*\n+)+[\s]+\"EnableOnlineRevocationChecks\"\:[\s]+true,</ind:pattern>
    <ind:instance datatype="int">1</ind:instance>
  </ind:textfilecontent54_object>
</def-group>
