<def-group>
  <definition class="compliance" id="chromium_disable_firewall_traversal"  version="1">
    <metadata>
      <title>Disable Firewall Traversal</title>
      <affected family="unix">
        <platform>Google Chromium Browser</platform>
      </affected>
      <description>Firewall traversal from remote host must be disabled.</description>
    </metadata>
    <criteria>
      <criterion comment="Test Chromium firewall traversal policy" test_ref="test_chromium_firewall_traversal" />
    </criteria>
  </definition>

  <ind:textfilecontent54_test check="all" comment="Test Chromium firewall traversal policy" id="test_chromium_firewall_traversal" version="1">
    <ind:object object_ref="object_chromium_firewall_traversal" />
  </ind:textfilecontent54_test>
  <ind:textfilecontent54_object id="object_chromium_firewall_traversal" version="1">
    <ind:filepath operation="pattern match">/etc/chromium/policies/managed/.*\.json</ind:filepath>
    <ind:pattern operation="pattern match">^\{([^\n]*\n+)+[\s]+\"RemoteAccessHostFirewallTraversal\"\:[\s]+false,</ind:pattern>
    <ind:instance datatype="int">1</ind:instance>
  </ind:textfilecontent54_object>
</def-group>
