<def-group>
  <definition class="compliance" id="chromium_disable_3d_graphics_api"  version="1">
    <metadata>
      <title>Disable 3D Graphics APIs</title>
      <affected family="unix">
        <platform>Google Chromium Browser</platform>
      </affected>
      <description>3D Graphics APIs must be disabled.</description>
    </metadata>
    <criteria>
      <criterion comment="Chromium disable 3D graphics apis" test_ref="test_chromium_disable_3d_graphics_api" />
    </criteria>
  </definition>

  <ind:textfilecontent54_test check="all" comment="Chromium disable 3D graphics apis" id="test_chromium_disable_3d_graphics_api" version="1">
    <ind:object object_ref="object_chromium_disable_3d_graphics_api" />
  </ind:textfilecontent54_test>
  <ind:textfilecontent54_object id="object_chromium_disable_3d_graphics_api" version="1">
    <ind:filepath operation="pattern match">/etc/chromium/policies/managed/.*\.json</ind:filepath>
    <ind:pattern operation="pattern match">^\{([^\n]*\n+)+[\s]+\"Disable3DAPIs\"\:[\s]+true,</ind:pattern>
    <ind:instance datatype="int">1</ind:instance>
  </ind:textfilecontent54_object>
</def-group>
