<def-group>
  <definition class="compliance" id="chromium_disable_thirdparty_cookies"  version="1">
    <metadata>
      <title>Disable Third Party Cookies</title>
      <affected family="unix">
        <platform>Google Chromium Browser</platform>
      </affected>
      <description>Third party cookies must be blocked.</description>
    </metadata>
    <criteria>
      <criterion comment="Chromium block third party cookies" test_ref="test_chromium_disable_thirdparty_cookies" />
    </criteria>
  </definition>

  <ind:textfilecontent54_test check="all" comment="Chromium block third party cookies" id="test_chromium_disable_thirdparty_cookies" version="1">
    <ind:object object_ref="object_chromium_disable_thirdparty_cookies" />
  </ind:textfilecontent54_test>
  <ind:textfilecontent54_object id="object_chromium_disable_thirdparty_cookies" version="1">
    <ind:filepath operation="pattern match">/etc/chromium/policies/managed/.*\.json</ind:filepath>
    <ind:pattern operation="pattern match">^\{([^\n]*\n+)+[\s]+\"BlockThirdPartyCookies\"\:[\s]+true,</ind:pattern>
    <ind:instance datatype="int">1</ind:instance>
  </ind:textfilecontent54_object>
</def-group>
