<def-group>
  <definition class="inventory"
  id="installed_app_is_chromium" version="2">
    <metadata>
      <title>Google Chromium Browser</title>
      <affected family="unix">
        <product>Google Chromium Browser</product>
      </affected>
      <reference ref_id="cpe:/a:google:chromium-browser"
      source="CPE" />
      <description>The application installed on the system is the Google Chromium Browser</description>
       </metadata>
    <criteria operator="AND">
      <extend_definition comment="Installed OS is part of the Unix family"
      definition_ref="installed_OS_is_part_of_Unix_family" />
      <criteria operator="OR">
        <criterion comment="Chromium is installed"
        test_ref="test_chromium-browser_installed" />
        <criterion comment="Chromium is installed"
        test_ref="test_chromium_installed" />
      </criteria>
    </criteria>
  </definition>

  <linux:rpminfo_test check="all" check_existence="at_least_one_exists" comment="Chromium is installed" id="test_chromium-browser_installed" version="1">
    <linux:object object_ref="obj_chromium-browser_installed" />
  </linux:rpminfo_test>
  <linux:rpminfo_object id="obj_chromium-browser_installed" version="1">
    <linux:name>chromium-browser</linux:name>
  </linux:rpminfo_object>

  <linux:rpminfo_test check="all" check_existence="at_least_one_exists" comment="Chromium is installed" id="test_chromium_installed" version="1">
    <linux:object object_ref="obj_chromium_installed" />
  </linux:rpminfo_test>
  <linux:rpminfo_object id="obj_chromium_installed" version="1">
    <linux:name>chromium</linux:name>
  </linux:rpminfo_object>

</def-group>
