<?xml version="1.0" encoding="UTF-8"?>
<cpe-list xmlns="http://cpe.mitre.org/dictionary/2.0"
          xmlns:xsi="http://www.w3.org/2001/XMLSchema-instance"
          xsi:schemaLocation="http://cpe.mitre.org/dictionary/2.0 http://cpe.mitre.org/files/cpe-dictionary_2.1.xsd">
      <cpe-item name="cpe:/o:fedoraproject:fedora:25">
            <title xml:lang="en-us">Fedora 25</title>
            <!-- the check references an OVAL file that contains an inventory definition -->
            <check system="http://oval.mitre.org/XMLSchema/oval-definitions-5" href="filename">installed_OS_is_fedora</check>
      </cpe-item>
      <cpe-item name="cpe:/o:fedoraproject:fedora:24">
            <title xml:lang="en-us">Fedora 24</title>
            <!-- the check references an OVAL file that contains an inventory definition -->
            <check system="http://oval.mitre.org/XMLSchema/oval-definitions-5" href="filename">installed_OS_is_fedora</check>
      </cpe-item>
      <cpe-item name="cpe:/o:fedoraproject:fedora:23">
            <title xml:lang="en-us">Fedora 23</title>
            <!-- the check references an OVAL file that contains an inventory definition -->
            <check system="http://oval.mitre.org/XMLSchema/oval-definitions-5" href="filename">installed_OS_is_fedora</check>
      </cpe-item>
      <cpe-item name="cpe:/a:container">
            <title xml:lang="en-us">Container</title>
            <!-- the check references an OVAL file that contains an inventory definition -->
            <check system="http://oval.mitre.org/XMLSchema/oval-definitions-5" href="filename">installed_env_is_a_container</check>
      </cpe-item>
      <cpe-item name="cpe:/a:machine">
            <title xml:lang="en-us">Bare-metal or Virtual Machine</title>
            <!-- the check references an OVAL file that contains an inventory definition -->
            <check system="http://oval.mitre.org/XMLSchema/oval-definitions-5" href="filename">installed_env_is_a_machine</check>
      </cpe-item>
</cpe-list>
