<def-group>
  <definition class="compliance" id="package_openssh-server_installed"
  version="1">
    <metadata>
      <title>Package openssh-server Installed</title>
      <affected family="unix">
        <platform>OpenSUSE</platform>
      </affected>
      <description>The RPM package openssh-server should be installed.</description>
    </metadata>
    <criteria>
      <criterion comment="package openssh-server is installed"
      test_ref="test_package_openssh-server_installed" />
    </criteria>
  </definition>
  <linux:rpminfo_test check="all" check_existence="all_exist"
  id="test_package_openssh-server_installed" version="1"
  comment="package openssh-server is installed">
    <linux:object object_ref="obj_package_openssh-server_installed" />
  </linux:rpminfo_test>
  <linux:rpminfo_object id="obj_package_openssh-server_installed" version="1">
    <linux:name>openssh-server</linux:name>
  </linux:rpminfo_object>
</def-group>
