<?xml version="1.0" encoding="UTF-8"?>

<cpe-list xmlns="http://cpe.mitre.org/dictionary/2.0"
          xmlns:xsi="http://www.w3.org/2001/XMLSchema-instance"
          xsi:schemaLocation="http://cpe.mitre.org/dictionary/2.0 http://cpe.mitre.org/files/cpe-dictionary_2.1.xsd">
    
    <cpe-item name="cpe:/a:redhat:jboss_fuse:6.0">
        <title xml:lang="en-US">JBoss Fuse 6.0</title>
        <check system="http://oval.mitre.org/XMLSchema/oval-definitions-5" href="filename">installed_app_is_fuse6</check>
    </cpe-item>

    <!--cpe-item name="cpe:/a:redhat:jboss_fuse:6.1.0">
        <title xml:lang="en-US">JBoss Fuse 6.1.0</title>
        <check system="http://oval.mitre.org/XMLSchema/oval-definitions-5" href="filename">installed_app_is_fuse610</check>
    </cpe-item>

    <cpe-item name="cpe:/a:redhat:jboss_fuse_service_works:6.0">
        <title xml:lang="en-US">JBoss Fuse Service Works 6.0</title>
        <check system="http://oval.mitre.org/XMLSchema/oval-definitions-5" href="filename">installed_app_is_fuse_service_works6</check>
    </cpe-item-->

</cpe-list>
