<def-group>
 <!-- THIS FILE IS GENERATED by create_permission_checks.py.  DO NOT EDIT.  -->
  <definition class="compliance" id="horizon_file_perms" version="1">
    <metadata>
      <title>Verify /etc/openstack-dashboard/local_settings Permissions</title>
      <affected family="unix">
        <platform>multi_platform_rhel</platform>
      </affected>
      <description>This test makes sure that /etc/openstack-dashboard/local_settings is permission 640 or stricter.</description>
    </metadata>
    <criteria>
      <criterion test_ref="test_etc_openstack_horizon_settings" />
    </criteria>
  </definition>
  <unix:file_test check="all" check_existence="all_exist" comment="/etc/openstack-dashboard/local_settings mode and ownership" id="test_etc_openstack_horizon_settings" version="1">
    <unix:object object_ref="object_etc_openstack_horizon_settings" />
    <unix:state state_ref="_etc_openstack_horizon_settings_state_mode_0000" />
  </unix:file_test>
  <unix:file_object comment="/etc/openstack-dashboard/local_settings" id="object_etc_openstack_horizon_settings" version="1">
    <unix:filepath>/etc/openstack-dashboard/local_settings</unix:filepath>
  </unix:file_object>
  <unix:file_state id="_etc_openstack_horizon_settings_state_uid_0" version="1">
    <unix:user_id datatype="int" operation="equals">0</unix:user_id>
  </unix:file_state>
  <unix:file_state id="_etc_openstack_horizon_settings_state_gid_0" version="1">
    <unix:group_id datatype="int" operation="equals">0</unix:group_id>
  </unix:file_state>
  <unix:file_state id="_etc_openstack_horizon_settings_state_mode_0000" version="1">
	<unix:suid datatype="boolean">false</unix:suid>
	<unix:sgid datatype="boolean">false</unix:sgid>
	<unix:sticky datatype="boolean">false</unix:sticky>
	<unix:uread datatype="boolean">false</unix:uread>
	<unix:uwrite datatype="boolean">false</unix:uwrite>
	<unix:uexec datatype="boolean">false</unix:uexec>
	<unix:gread datatype="boolean">false</unix:gread>
	<unix:gwrite datatype="boolean">false</unix:gwrite>
	<unix:gexec datatype="boolean">false</unix:gexec>
	<unix:oread datatype="boolean">false</unix:oread>
	<unix:owrite datatype="boolean">false</unix:owrite>
	<unix:oexec datatype="boolean">false</unix:oexec>
  </unix:file_state>
</def-group>
