<def-group>
  <definition class="compliance" id="horizon_session_cookie_secure" version="1">
    <metadata>
      <title>Is SESSION_COOKIE_SECURE parameter set to True?</title>
      <affected family="unix">
        <platform>multi_platform_all</platform>
      </affected>
      <description>Is SESSION_COOKIE_SECURE parameter set to True?</description>
    </metadata>
    <criteria comment="Is SESSION_COOKIE_SECURE parameter set to True?" operator="AND">
      <criterion comment="Check SESSION_COOKIE_SECURE in /etc/openstack-dashboard/local_settings" test_ref="test_horizon_session_cookie_secure" />
    </criteria>
  </definition>
  <ind:textfilecontent54_test check="all" check_existence="none_exist"
  comment="Tests the value of the SESSION_COOKIE_SECURE[\s]*(&lt;:nocomment:&gt;*) setting in the /etc/openstack-dashboard/local_settings file"
  id="test_horizon_session_cookie_secure" version="1">
    <ind:object object_ref="obj_horizon_session_cookie_secure" />
  </ind:textfilecontent54_test>
  <ind:textfilecontent54_object id="obj_horizon_session_cookie_secure" version="2">
    <ind:filepath>/etc/openstack-dashboard/local_settings</ind:filepath>
    <ind:pattern operation="pattern match">^[\s]*(?i)SESSION_COOKIE_SECURE(?-i)[\s]+True[\s]*(?:|(?:#.*))?$</ind:pattern>
    <ind:instance datatype="int">1</ind:instance>
  </ind:textfilecontent54_object>
</def-group>
