<def-group>
  <definition class="compliance" id="horizon_password_autocomplete" version="1">
    <metadata>
      <title>Is password_autocomplete parameter set to off?</title>
      <affected family="unix">
        <platform>multi_platform_all</platform>
      </affected>
      <description>Is password_autocomplete parameter set to off?</description>
    </metadata>
    <criteria comment="Is password_autocomplete parameter set to off?" operator="AND">
      <criterion comment="Check password_autocomplete in /etc/openstack-dashboard/local_settings" test_ref="test_horizon_password_autocomplete" />
    </criteria>
  </definition>
  <ind:textfilecontent54_test check="all" check_existence="none_exist"
  comment="Tests the value of the password_autocomplete[\s]*(&lt;:nocomment:&gt;*) setting in the /etc/openstack-dashboard/local_settings file"
  id="test_horizon_password_autocomplete" version="1">
    <ind:object object_ref="obj_horizon_password_autocomplete" />
  </ind:textfilecontent54_test>
  <ind:textfilecontent54_object id="obj_horizon_password_autocomplete" version="2">
    <ind:filepath>/etc/openstack-dashboard/local_settings</ind:filepath>
    <ind:pattern operation="pattern match">^[\s]*(?i)password_autocomplete(?-i)[\s]+off[\s]*(?:|(?:#.*))?$</ind:pattern>
    <ind:instance datatype="int">1</ind:instance>
  </ind:textfilecontent54_object>
</def-group>
