<def-group>
  <definition class="compliance" id="horizon_file_ownership" version="1">
    <metadata>
      <title>Verify group who owns /etc/openstack-dashboard/local_settings file</title>
      <affected family="unix">
        <platform>multi_platform_rhel</platform>
      </affected>
      <description>The /etc/openstack-dashboard/local_settings file should be owned by the appropriate
      group.</description>
    </metadata>
    <criteria>
      <criterion test_ref="test_groupowner_etc_openstack_dashboard_local_settings" />
    </criteria>
  </definition>
  <unix:file_test check="all" check_existence="all_exist"
  comment="Testing group ownership /etc/openstack-dashboard/local_settings" id="test_groupowner_etc_openstack_dashboard_local_settings"
  version="1">
    <unix:object object_ref="object_horizon_file_ownership" />
    <unix:state state_ref="state_horizon_file_ownership" />
  </unix:file_test>
  <unix:file_state id="state_horizon_file_ownership" version="1">
    <unix:group_id datatype="int">0</unix:group_id>
  </unix:file_state>
  <unix:file_object comment="/etc/openstack-dashboard/local_settings"
  id="object_horizon_file_ownership" version="1">
    <unix:filepath>/etc/openstack-dashboard/local_settings</unix:filepath>
  </unix:file_object>
</def-group>
