<def-group>
  <definition class="inventory"
  id="installed_OS_is_rhel7" version="1">
    <metadata>
      <title>Red Hat Enterprise Linux 7</title>
      <affected family="unix">
        <platform>multi_platform_all</platform>
      </affected>
      <reference ref_id="cpe:/o:redhat:enterprise_linux:7"
      source="CPE" />
      <description>The operating system installed on the system is
      Red Hat Enterprise Linux 7</description>
    </metadata>
    <criteria>
      <criterion comment="Installed operating system is part of the unix family"
      test_ref="test_rhel7_unix_family" />
      <criteria operator="OR">
        <criterion comment="Red Hat Enterprise Linux 7 Workstation is installed"
        test_ref="test_rhel7_workstation" />
        <criterion comment="Red Hat Enterprise Linux 7 Server is installed"
        test_ref="test_rhel7_server" />
      </criteria>
    </criteria>
  </definition>

  <ind:family_test check="all" check_existence="at_least_one_exists" comment="installed OS part of unix family" id="test_rhel7_unix_family" version="1">
    <ind:object object_ref="obj_rhel7_unix_family" />
    <ind:state state_ref="state_rhel7_unix_family" />
  </ind:family_test>
  <ind:family_state id="state_rhel7_unix_family" version="1">
    <ind:family>unix</ind:family>
  </ind:family_state>
  <ind:family_object id="obj_rhel7_unix_family" version="1" />

  <linux:rpminfo_test check="all" check_existence="at_least_one_exists" comment="redhat-release-workstation is version 7" id="test_rhel7_workstation" version="1">
    <linux:object object_ref="obj_rhel7_workstation" />
    <linux:state state_ref="state_rhel7_workstation" />
  </linux:rpminfo_test>
  <linux:rpminfo_state id="state_rhel7_workstation" version="1">
    <linux:version operation="pattern match">^7.*$</linux:version>
  </linux:rpminfo_state>
  <linux:rpminfo_object id="obj_rhel7_workstation" version="1">
    <linux:name>redhat-release-workstation</linux:name>
  </linux:rpminfo_object>

  <linux:rpminfo_test check="all" check_existence="at_least_one_exists" comment="redhat-release-server is version 7" id="test_rhel7_server" version="1">
    <linux:object object_ref="obj_rhel7_server" />
    <linux:state state_ref="state_rhel7_server" />
  </linux:rpminfo_test>
  <linux:rpminfo_state id="state_rhel7_server" version="1">
    <linux:version operation="pattern match">^7.*$</linux:version>
  </linux:rpminfo_state>
  <linux:rpminfo_object id="obj_rhel7_server" version="1">
    <linux:name>redhat-release-server</linux:name>
  </linux:rpminfo_object>
</def-group>
