<Profile id="standard">
<title>Standard System Security Profile</title>
<description>This profile contains rules to ensure standard security baseline of a Fedora system.
Regardless of your system's workload all of these checks should pass.</description>

<select idref="ensure_gpgcheck_globally_activated" selected="true" />
<select idref="rpm_verify_permissions" selected="true" />
<select idref="rpm_verify_hashes" selected="true" />

<select idref="no_empty_passwords" selected="true"/>

<select idref="accounts_root_path_dirs_no_write" selected="true"/>
<select idref="file_permissions_library_dirs" selected="true"/>
<select idref="file_ownership_library_dirs" selected="true"/>
<select idref="file_permissions_binary_dirs" selected="true"/>
<select idref="file_ownership_binary_dirs" selected="true"/>

<!-- The following rules currently returns 'notapplicable' on Fedora container -->
<!-- Investigate why, fix the issues, and re-enable back once fixed -->
<!-- <select idref="accounts_password_all_shadowed" selected="true"/> -->
<!-- <select idref="root_path_no_dot" selected="true"/> -->
<!-- <select idref="mount_option_dev_shm_nodev" selected="true" /> -->
<!-- <select idref="mount_option_dev_shm_nosuid" selected="true" /> -->

</Profile>
